Date,Actual,Forecast
2021-07-21,63.974674224853516,46.01679312133144
2021-07-22,62.11607742309572,45.97094735698574
2021-07-23,62.164997100830085,45.919915715234474
2021-07-26,63.192100524902315,45.736536746373666
2021-07-27,63.974674224853516,45.71327442274644
2021-07-28,64.21923828125,45.659045300349575
2021-07-29,65.0018081665039,45.586994998998584
2021-07-30,63.33884048461912,45.5124937323911
2021-08-02,61.50471115112302,45.276891155962716
2021-08-03,63.00868988037107,45.241992447804776
2021-08-04,62.91698837280271,45.179453775835626
2021-08-05,62.984241485595724,45.102177260140266
2021-08-06,63.90129852294919,45.02521205333444
2021-08-09,63.40609359741213,44.79681694608461
2021-08-10,64.85507202148436,44.76800423614906
2021-08-11,64.8306121826172,44.71361172949771
2021-08-12,65.12405395507814,44.64624249433269
2021-08-13,64.14587402343747,44.58066343512299
2021-08-16,63.1859931945801,44.39462289191872
2021-08-17,62.128307342529276,44.38222290014358
2021-08-18,61.999931335449205,44.34591826290713
2021-08-19,60.78327560424804,44.298269761487205
2021-08-20,61.16844177246092,44.254022270579206
2021-08-23,61.730922698974624,44.14279012790639
2021-08-24,63.13709640502931,44.15903113072498
2021-08-25,64.01136016845703,44.15362371193208
2021-08-26,63.20433425903319,44.13903846514391
2021-08-27,64.8611831665039,44.12990431587248
2021-08-30,64.3109359741211,44.134999405311994
2021-08-31,64.44544219970702,44.19293959560772
2021-09-01,63.37551879882814,44.23016953718375
2021-09-02,64.96511077880861,44.25868704087414
2021-09-03,64.04192352294923,44.29264371511351
2021-09-06,63.595621109008775,44.421366280689654
2021-09-07,63.14931869506839,44.5169519788008
2021-09-08,62.715236663818374,44.58871052297399
2021-09-09,63.14931869506839,44.64807568124969
2021-09-10,62.36063385009764,44.70873055970154
2021-09-13,63.8646240234375,44.887741007536995
2021-09-14,61.37020492553712,44.989388258046816
2021-09-15,62.458450317382805,45.060961434421735
2021-09-16,61.95712661743165,45.113955136104785
2021-09-17,61.42522430419922,45.16226677024691
2021-09-20,61.02172088623048,45.27091132313106
2021-09-21,59.19368743896485,45.33979661480661
2021-09-22,60.24526596069339,45.374526353363954
2021-09-23,62.947551727294936,45.38747799010358
2021-09-24,63.51045989990235,45.393479913588045
2021-09-27,64.4588394165039,45.37041647132679
2021-09-28,64.69133758544923,45.39686197103468
2021-09-29,65.02786254882812,45.391212981435665
2021-09-30,63.03934478759765,45.36670108706263
2021-10-01,64.74640655517577,45.33887381628805
2021-10-04,64.18352508544922,45.2415251799639
2021-10-05,64.18352508544922,45.25328821097008
2021-10-06,63.83473968505859,45.23838247529394
2021-10-07,64.55673217773438,45.20994642373556
2021-10-08,64.0733642578125,45.18327037754939
2021-10-11,63.68178558349608,45.11585695561622
2021-10-12,62.84965896606445,45.14444752663554
2021-10-13,62.62939834594725,45.14880804580435
2021-10-14,62.861892700195305,45.14125794738484
2021-10-15,63.88368606567383,45.1362590737703
2021-10-18,63.706268310546854,45.13081157502205
2021-10-19,64.07948303222659,45.17664773678163
2021-10-20,64.85653686523435,45.19549918997814
2021-10-21,63.11276626586913,45.19918462683492
2021-10-22,63.66342544555667,45.201801364001895
2021-10-25,64.42825317382814,45.195644714169234
2021-10-26,65.73760223388675,45.233501107397544
2021-10-27,63.54105758666993,45.24078573135948
2021-10-28,64.40376281738281,45.22974228402929
2021-10-29,64.16513824462889,45.21499406990203
2021-11-01,64.99725341796872,45.147290272221184
2021-11-02,65.27870941162108,45.16380725980114
2021-11-03,64.83819580078126,45.15065532410781
2021-11-04,64.37317657470702,45.120828538698404
2021-11-05,66.53302764892577,45.08962798744806
2021-11-08,66.33722686767581,44.99249876298064
2021-11-09,68.09324645996095,45.007179508284885
2021-11-10,66.66763305664061,44.996814281179034
2021-11-11,65.46840667724608,44.974435694194675
2021-11-12,65.82938385009767,44.95523942138349
2021-11-15,65.26647186279295,44.918999045963325
2021-11-16,63.23512649536134,44.960807225292164
2021-11-17,62.40300750732423,44.9801328754773
2021-11-18,61.59535980224611,44.98927740708653
2021-11-19,61.16094970703127,45.00268948147874
2021-11-22,61.82175064086915,45.0632341940013
2021-11-23,62.458080291748075,45.13469202252388
2021-11-24,62.54985427856447,45.18111273730659
2021-11-25,61.20683479309081,45.214259922895415
2021-11-26,59.863815307617166,45.24819105204412
2021-11-29,60.20644760131834,45.34671364308279
2021-11-30,58.1200294494629,45.42302940999155
2021-12-01,56.90243530273437,45.47032020252892
2021-12-02,58.266876220703125,45.50075403166071
2021-12-03,56.76171493530273,45.52893290506051
2021-12-06,58.74412536621092,45.59795423406801
2021-12-07,59.68638229370119,45.66294671550394
2021-12-08,60.133033752441385,45.69916266779463
2021-12-09,59.85769271850587,45.7196122858284
2021-12-10,59.319263458251946,45.73970022494605
2021-12-13,56.98198699951172,45.80196893937073
2021-12-14,56.35788726806641,45.872290989971795
2021-12-15,56.339542388916016,45.91785217361106
2021-12-16,56.61486053466797,45.951750975788066
2021-12-17,55.954055786132834,45.98933580070306
2021-12-20,55.102851867675774,46.124726649990706
2021-12-21,56.98900222778321,46.22468156093866
2021-12-22,56.99512481689455,46.30084634075957
2021-12-23,57.56465148925781,46.36542582277191
2021-12-24,57.754493713378906,46.43285485978762
2021-12-27,57.94433593750002,46.641962948627764
2021-12-28,58.360763549804666,46.758214163997884
2021-12-29,58.04844284057618,46.84433578552786
2021-12-30,57.99332809448243,46.91182718875214
2021-12-31,57.85247802734373,46.97460757323434
2022-01-03,58.936412811279276,47.12020924427127
2022-01-04,60.85318756103514,47.19886830876188
2022-01-05,60.85318756103514,47.23903294129244
2022-01-06,61.20837020874022,47.25295371098569
2022-01-07,62.09634399414061,47.255502149312264
2022-01-10,60.88379669189454,47.19159016257394
2022-01-11,62.33517456054689,47.19535188736073
2022-01-12,62.61074447631835,47.16056410057776
2022-01-13,62.74548339843752,47.101206062232706
2022-01-14,63.17414093017576,47.0337834500929
2022-01-17,63.091468811035156,46.795224160260915
2022-01-18,63.00879669189454,46.756583958429516
2022-01-19,61.61867523193359,46.689550368993146
2022-01-20,60.167308807373026,46.6087848645069
2022-01-21,58.97314453124999,46.53114480061066
2022-01-24,59.346710205078146,46.32998326346184
2022-01-25,55.79483795166014,46.324975359764245
2022-01-26,54.698665618896484,46.301509297629444
2022-01-27,55.05385208129884,46.27301179273058
2022-01-28,56.401107788085916,46.25491981460839
2022-01-31,57.85859298706054,46.260859935830084
2022-02-01,59.98359298706056,46.32872408785517
2022-02-02,60.038711547851584,46.377183338452035
2022-02-03,60.21017456054689,46.41778548362305
2022-02-04,60.632724761962905,46.46423473617245
2022-02-07,61.177745819091804,46.620787783136734
2022-02-08,60.816436767578125,46.720524964159395
2022-02-09,60.779701232910156,46.789637576737455
2022-02-10,60.49800491333005,46.839126062168646
2022-02-11,59.29770660400392,46.88249320533663
2022-02-14,59.15686416625977,46.95924746211785
2022-02-15,61.802394866943374,47.01110649113945
2022-02-16,62.10246658325197,47.023001933056726
2022-02-17,60.295906066894524,47.00747727405204
2022-02-18,56.762420654296896,46.97974470343567
2022-02-21,57.20946502685546,46.825096080620966
2022-02-22,57.65650939941408,46.800097928275534
2022-02-23,56.7379264831543,46.73867590156601
2022-02-24,56.67056655883791,46.655260337412564
2022-02-25,59.016014099121094,46.566696167083194
2022-02-28,58.48936080932615,46.285838692872716
2022-03-01,56.541961669921896,46.24031650177412
2022-03-02,57.66263198852539,46.17071268603728
2022-03-03,56.615444183349595,46.09145055544703
2022-03-04,54.588439941406264,46.019011246738884
2022-03-07,52.332817077636726,45.85230167860348
2022-03-08,54.03066635131837,45.863066970256725
2022-03-09,55.93076705932615,45.857202419729965
2022-03-10,55.979816436767564,45.847402735486114
2022-03-11,56.562110900878885,45.848361985800196
2022-03-14,56.6663017272949,45.90804373090126
2022-03-15,56.60500717163086,45.99067793095785
2022-03-16,58.04542160034181,46.052109416811014
2022-03-17,58.554164886474595,46.103506131937706
2022-03-18,58.59093475341796,46.15829576540371
2022-03-21,58.11897277832032,46.325274837772525
2022-03-22,58.1680030822754,46.42390772161479
2022-03-23,57.43247985839844,46.49057091901715
2022-03-24,57.68991470336916,46.53668133305257
2022-03-25,57.628620147705085,46.576223538758136
2022-03-28,56.390480041503935,46.64555985553027
2022-03-29,58.01477813720702,46.69831673677916
2022-03-30,57.97186279296877,46.71433932667069
2022-03-31,56.08401107788084,46.70670773006124
2022-04-01,56.690818786621094,46.69107749820079
2022-04-04,56.40274047851564,46.60195506165257
2022-04-05,55.225891113281264,46.608986009504875
2022-04-06,55.10943603515623,46.58496057939976
2022-04-07,54.83361434936524,46.54397095972733
2022-04-08,55.005237579345724,46.50240477427734
2022-04-11,54.962322235107415,46.38406416332069
2022-04-12,55.16460800170898,46.39745523755023
2022-04-13,55.62430191040037,46.38756407317001
2022-04-14,55.67334365844727,46.3677676683593
2022-04-15,55.54156303405764,46.353546619687265
2022-04-18,55.409782409667976,46.34355483883865
2022-04-19,56.32918930053713,46.39777819901612
2022-04-20,56.02272033691404,46.428983067203454
2022-04-21,56.21885299682618,46.44919436813521
2022-04-22,54.594570159912095,46.472638823399876
2022-04-25,55.091045379638665,46.550465801764915
2022-04-26,49.39683532714844,46.62276257826778
2022-04-27,47.93803787231445,46.665123701862264
2022-04-28,47.643829345703125,46.68924841181688
2022-04-29,45.69468307495118,46.70928247102459
2022-05-02,46.3076171875,46.734608111537405
2022-05-03,47.60091400146486,46.77705028374671
2022-05-04,49.29876708984375,46.784416317318346
2022-05-05,48.17095565795897,46.76946292714773
2022-05-06,47.95029449462891,46.74747602955661
2022-05-09,44.726234436035156,46.64097015822167
2022-05-10,44.93462753295897,46.64143313574787
2022-05-11,44.401371002197266,46.609820303915185
2022-05-12,44.9162368774414,46.559925015147535
2022-05-13,46.00114822387695,46.50788091727369
2022-05-16,45.74371337890625,46.34702481526142
2022-05-17,46.82861328125001,46.3422460853478
2022-05-18,46.09308242797853,46.312297497609315
2022-05-19,46.4240837097168,46.270680903732966
2022-05-20,46.123729705810554,46.23303086770575
2022-05-23,46.252452850341804,46.145593473670026
2022-05-24,45.67629623413086,46.17236003919678
2022-05-25,45.68242645263672,46.17607286283256
2022-05-26,47.20251083374024,46.16906120510897
2022-05-27,48.27515029907226,46.165800992381314
2022-05-30,48.13110923767089,46.16960497181128
2022-05-31,47.98706817626954,46.21963504401269
2022-06-01,47.51511383056641,46.24166489250696
2022-06-02,47.8093147277832,46.24739590137315
2022-06-03,47.1779899597168,46.25086698103374
2022-06-06,47.19638442993164,46.23690989975987
2022-06-07,47.8093147277832,46.26869108619158
2022-06-08,47.29445266723632,46.26680792807562
2022-06-09,45.835651397705085,46.243592067460646
2022-06-10,43.65971755981446,46.213834343619205
2022-06-13,41.50830078125,46.08353521246335
2022-06-14,41.710567474365234,46.07415503009836
2022-06-15,42.35415649414064,46.03184473704274
2022-06-16,40.01884841918945,45.96997261492256
2022-06-17,40.45404434204102,45.90425077853279
2022-06-20,40.37742424011232,45.69071746323472
2022-06-21,40.3008041381836,45.66360797332559
2022-06-22,39.55915451049805,45.60976087094559
2022-06-23,39.27107620239257,45.54265982776061
2022-06-24,41.116008758544915,45.47792384992392
2022-06-27,40.93804168701171,45.30265987791712
2022-06-28,40.42870330810547,45.298297811338664
2022-06-29,39.08475494384765,45.271619729734134
2022-06-30,39.07248306274414,45.23521486629042
2022-07-01,38.9927101135254,45.20374573685253
2022-07-04,38.52938461303712,45.134750127885006
2022-07-05,38.066059112548835,45.1648003389853
2022-07-06,37.78376770019531,45.17077784273415
2022-07-07,38.66132736206054,45.164401497705946
2022-07-08,38.814739227294915,45.15958052634865
2022-07-11,37.99242401123046,45.144688044634975
2022-07-12,38.673599243164055,45.18290392903332
2022-07-13,38.05378723144531,45.19178428762114
2022-07-14,37.48921585083007,45.18304315743611
2022-07-15,38.57541275024414,45.17072145110733
2022-07-18,39.0786247253418,45.1055025527043
2022-07-19,40.956459045410156,45.11908536184478
2022-07-20,41.66218566894532,45.10037474216501
2022-07-21,41.80945587158203,45.061735706849326
2022-07-22,41.84628295898438,45.01785234602257
2022-07-25,41.950611114501946,44.85463255687081
2022-07-26,43.88367843627929,44.836249846057115
2022-07-27,43.92663192749025,44.787132031818985
2022-07-28,44.88396072387695,44.7200720408729
2022-07-29,45.35648345947266,44.650052942722404
2022-08-01,46.516326904296875,44.42487282968513
2022-08-02,45.63264083862305,44.39136736390321
2022-08-03,45.865833282470696,44.3304340928636
2022-08-04,45.20920944213868,44.25470197693207
2022-08-05,45.63264083862305,44.17889675285678
2022-08-08,46.135841369628906,43.9520287064784
2022-08-09,45.982429504394524,43.9220463945852
2022-08-10,47.33864212036132,43.86687099443684
2022-08-11,48.41871261596679,43.79881111297673
2022-08-12,49.05078887939453,43.732277040987356
2022-08-15,48.97714996337889,43.54169912649772
2022-08-16,49.7503776550293,43.52603749811521
2022-08-17,49.044662475585945,43.48675497905605
2022-08-18,48.60894775390625,43.43608266347952
2022-08-19,47.69458007812501,43.388379233844375
2022-08-22,45.890388488769524,43.2639995458629
2022-08-23,46.700424194335945,43.27374180099359
2022-08-24,47.09317779541016,43.26201024728363
2022-08-25,47.95232009887696,43.24099153645529
2022-08-26,46.19107437133788,43.224980588160214
2022-08-29,46.66974639892579,43.207358372332884
2022-08-30,46.10516357421876,43.25607477234392
2022-08-31,45.06805801391601,43.284692104875056
2022-09-01,44.84713745117188,43.305003190342525
2022-09-02,44.448253631591804,43.330893374179624
2022-09-05,44.36540985107422,43.43753976987259
2022-09-06,44.28256607055664,43.525633004715324
2022-09-07,45.15398025512696,43.591379056983364
2022-09-08,45.27057266235352,43.64598806676196
2022-09-09,45.436260223388665,43.70283656644582
2022-09-12,46.221759796142585,43.8768689885684
2022-09-13,43.47251129150392,43.9778538490753
2022-09-14,42.97544479370118,44.05065496409884
2022-09-15,42.288116455078125,44.1063904538784
2022-09-16,40.74167251586914,44.15849385797979
2022-09-19,41.14669418334961,44.28396083755736
2022-09-20,40.86440658569336,44.358615518704724
2022-09-21,40.02367782592773,44.40031436850623
2022-09-22,40.109596252441406,44.42092693137506
2022-09-23,39.6125144958496,44.43471491519467
2022-09-26,39.53878784179689,44.43414338596759
2022-09-27,39.6125144958496,44.46607776333594
2022-09-28,39.60638046264648,44.46599044569914
2022-09-29,38.54340362548829,44.44667203642585
2022-09-30,38.039569854736335,44.42320059384321
2022-10-03,39.07795715332032,44.333447433141814
2022-10-04,41.49882888793946,44.344708845973145
2022-10-05,41.4373893737793,44.32910348911788
2022-10-06,40.68777465820313,44.299517689080496
2022-10-07,39.66781234741211,44.270954319972326
2022-10-10,39.925884246826165,44.19464354518299
2022-10-11,39.32372665405274,44.21844155926519
2022-10-12,39.77841567993165,44.2186200404917
2022-10-13,41.74460220336913,44.20732793462194
2022-10-14,41.51725769042969,44.19878875580284
2022-10-17,42.16856002807618,44.18525061159811
2022-10-18,43.440433502197266,44.228365439286286
2022-10-19,43.33598327636719,44.24592042028608
2022-10-20,42.991897583007805,44.24944968033754
2022-10-21,44.74303817749024,44.25267903822944
2022-10-24,45.07483291625976,44.25280516933198
2022-10-25,44.85363006591797,44.29283533890244
2022-10-26,46.36513900756835,44.30349261402514
2022-10-27,46.69693374633788,44.29657299017302
2022-10-28,48.12856674194335,44.28618340319437
2022-10-31,47.809059143066406,44.23159347229406
2022-11-01,48.054828643798835,44.2508368629816
2022-11-02,47.55714797973633,44.24064268943551
2022-11-03,48.159278869628906,44.213563724621146
2022-11-04,49.81211090087889,44.184423129980175
2022-11-07,51.28061294555664,44.08868788777568
2022-11-08,51.61240386962892,44.10094824485953
2022-11-09,51.090129852294936,44.087986071174186
2022-11-10,52.460319519042955,44.062558436596674
2022-11-11,53.031745910644524,44.03954947574602
2022-11-14,52.73681640625001,43.98826411897967
2022-11-15,53.54172134399415,44.02304162796413
2022-11-16,52.165390014648445,44.03584296869247
2022-11-17,52.46645736694336,44.03879481296881
2022-11-18,52.5217628479004,44.04610402306711
2022-11-21,52.77368164062499,44.09025574862412
2022-11-22,53.640033721923835,44.156024638688685
2022-11-23,53.99025344848633,44.19813273319145
2022-11-24,54.07320785522462,44.228071156234314
2022-11-25,54.15616226196288,44.259533229691236
2022-11-28,52.51561737060546,44.35508413594081
2022-11-29,52.63236236572265,44.43048045292013
2022-11-30,52.82283782958982,44.478118142104556
2022-12-01,52.38658905029297,44.50971461936729
2022-12-02,53.38196182250977,44.53934317328446
2022-12-05,52.01791763305665,44.61307541804241
2022-12-06,52.39887619018554,44.67801842556997
2022-12-07,52.226837158203125,44.71449919473401
2022-12-08,51.38506698608398,44.73506572936721
2022-12-09,50.04560089111329,44.75461766951053
2022-12-12,51.12699508666993,44.81071475644072
2022-12-13,50.92423248291016,44.87609625517007
2022-12-14,50.10625076293946,44.91666556243474
2022-12-15,48.470279693603516,44.945247678339754
2022-12-16,47.756847381591804,44.97688052019226
2022-12-19,48.00900650024413,45.092008529528336
2022-12-20,49.40512466430663,45.183659374573246
2022-12-21,51.03493881225587,45.25248227289263
2022-12-22,50.29075622558593,45.3105490608238
2022-12-23,50.30306243896486,45.37209006785689
2022-12-26,50.62595176696777,45.56939369386088
2022-12-27,50.94884109497071,45.68292195833351
2022-12-28,50.41376495361328,45.76863359850332
2022-12-29,51.508506774902344,45.83776715571435
2022-12-30,51.53311538696288,45.90387380290106
2023-01-02,51.899055480957024,46.06960583121274
2023-01-03,52.26499557495117,46.15680955409627
2023-01-04,55.30704116821289,46.2076524772986
2023-01-05,56.165794372558615,46.23381852380567
2023-01-06,56.67789459228514,46.249522682092916
2023-01-09,57.25303268432615,46.227817518886866
2023-01-10,59.3014450073242,46.24431898573578
2023-01-11,61.208026885986314,46.222431232537296
2023-01-12,62.129810333251946,46.17548095474907
2023-01-13,63.18553543090818,46.11929654207624
2023-01-16,63.2997760772705,45.90506580597293
2023-01-17,63.41401672363281,45.869631388476726
2023-01-18,62.45284271240236,45.804415993877136
2023-01-19,60.554119110107415,45.72372007808575
2023-01-20,61.200157165527344,45.644040226396015
2023-01-23,62.8467674255371,45.42500442532906
2023-01-24,63.579460144042976,45.40945377112112
2023-01-25,63.65037918090821,45.3747856047969
2023-01-26,63.92612457275391,45.334389501997435
2023-01-27,65.57273101806639,45.30362205420652
2023-01-30,63.68188476562503,45.2701688602083
2023-01-31,63.406139373779276,45.324285876077724
2023-02-01,64.85578155517575,45.36060243827452
2023-02-02,66.13210296630858,45.390646162606046
2023-02-03,64.57213592529295,45.42799714234696
2023-02-06,64.87942504882811,45.56837831743115
2023-02-07,64.6903381347656,45.66565185255985
2023-02-08,64.57213592529295,45.73535014373897
2023-02-09,63.65037918090821,45.78812157171241
2023-02-10,64.04430389404295,45.83699064349832
2023-02-13,65.13941955566406,45.942219564526425
2023-02-14,65.81694793701172,46.00554693196372
2023-02-15,66.78601074218751,46.03082613035925
2023-02-16,66.21875762939456,46.02990073926672
2023-02-17,65.4230194091797,46.017213510844165
2023-02-20,65.11576461791994,45.90670929411184
2023-02-21,64.80850982666016,45.89371140285923
2023-02-22,65.5412063598633,45.84367682696519
2023-02-23,65.34424591064452,45.7704224446885
2023-02-24,65.82483673095706,45.69018251406566
2023-02-27,66.05330657958984,45.42174949509348
2023-02-28,66.73873138427734,45.37480188434462
2023-03-01,66.28965759277342,45.30222941398842
2023-03-02,67.53446197509763,45.2182397437949
2023-03-03,68.05444335937499,45.139092370444445
2023-03-06,68.65376281738281,44.94247668246273
2023-03-07,68.12541198730467,44.93967989793179
2023-03-08,68.59068298339842,44.92021933308917
2023-03-09,72.20236968994138,44.89680289794393
2023-03-10,71.7607650756836,44.88406884251915
2023-03-13,70.15995025634767,44.90542722481736
2023-03-14,71.89482879638672,44.97589799429891
2023-03-15,70.78292083740236,45.02727182906431
2023-03-16,72.5257110595703,45.07058916403965
2023-03-17,71.20088958740232,45.11903154792691
2023-03-20,70.90911102294923,45.27835577667069
2023-03-21,72.69129943847659,45.37697722206806
2023-03-22,70.64888000488284,45.44623572205115
2023-03-23,72.22602844238284,45.497062601415166
2023-03-24,72.05255126953125,45.54284891082309
2023-03-27,73.58238983154295,45.63786913204318
2023-03-28,73.44832611083987,45.699343222409375
2023-03-29,74.17382049560544,45.725069153261074
2023-03-30,74.16594696044925,45.72747795097137
2023-03-31,75.38823699951175,45.721534661068496
2023-04-03,76.42916870117185,45.65686403052982
2023-04-04,74.95452880859372,45.66859998068176
2023-04-05,74.32366180419923,45.64862039483654
2023-04-06,73.81108856201173,45.610594634438144
2023-04-07,74.11074447631839,45.570480605186134
2023-04-10,74.41040039062501,45.44772262410726
2023-04-11,74.05554199218751,45.45579681630628
2023-04-12,74.20536804199219,45.44020988678599
2023-04-13,74.3630828857422,45.41420690950372
2023-04-14,75.26206970214844,45.39309470739979
2023-04-17,76.31087493896483,45.36071789949357
2023-04-18,77.65145874023436,45.40645239534089
2023-04-19,78.09307098388672,45.43040217729002
2023-04-20,78.6687316894531,45.4444764394706
2023-04-21,78.4715805053711,45.46269294093227
2023-04-24,78.9762649536133,45.53185223700838
2023-04-25,77.62779998779295,45.60263601515362
2023-04-26,75.86927795410159,45.64564120069843
2023-04-27,77.32814025878908,45.672201080237585
2023-04-28,78.04576110839844,45.695991174128274
2023-05-01,79.78852081298831,45.73943414825757
2023-05-02,80.04875183105472,45.78840129560729
2023-05-03,80.25377655029294,45.80358226451922
2023-05-04,78.32175445556643,45.797162307698876
2023-05-05,79.04724121093753,45.78379634849978
2023-05-08,79.58348846435548,45.70149064081508
2023-05-09,79.64657592773438,45.70757590344657
2023-05-10,78.49524688720702,45.6813854342336
2023-05-11,78.4715805053711,45.636246667733815
2023-05-12,77.91169738769528,45.58780969478065
2023-05-15,80.43516540527342,45.430479372276004
2023-05-16,79.74908447265625,45.423289209088374
2023-05-17,81.59436035156247,45.39052375311397
2023-05-18,82.02020263671872,45.34547758509985
2023-05-19,82.21735382080081,45.30354573289706
2023-05-22,82.44602966308595,45.199920435911764
2023-05-23,80.1985855102539,45.21960079574245
2023-05-24,79.63079833984376,45.217035082875384
2023-05-25,80.05663299560545,45.204433139111885
2023-05-26,81.0187072753906,45.196075093353656
2023-05-29,80.88464736938478,45.18929352622019
2023-05-30,80.75058746337889,45.23656672177567
2023-05-31,80.06452178955077,45.25773757690485
2023-06-01,82.54066467285156,45.26421980714463
2023-06-02,83.43175506591798,45.26966681287718
2023-06-05,82.09116363525389,45.26866811057843
2023-06-06,83.16363525390625,45.305594069832594
2023-06-07,83.6525573730469,45.31039661685343
2023-06-08,83.64466857910158,45.294903045028384
2023-06-09,83.82604217529294,45.273329694940806
2023-06-12,83.77085113525389,45.168451713007265
2023-06-13,84.17302703857422,45.1659996989898
2023-06-14,82.56430816650392,45.13081467131917
2023-06-15,83.12420654296872,45.07577097298747
2023-06-16,83.81816101074219,45.01605962556584
2023-06-19,82.92312240600587,44.81462062424022
2023-06-20,82.02808380126956,44.78820727549329
2023-06-21,82.84031677246094,44.73459112945919
2023-06-22,82.65894317626956,44.66697181438454
2023-06-23,81.83881378173827,44.60065930253715
2023-06-26,82.36717987060544,44.415293332218845
2023-06-27,82.73781585693361,44.40503187187071
2023-06-28,84.41747283935548,44.37267874651191
2023-06-29,84.96160125732422,44.330680986584355
2023-06-30,86.62549591064456,44.29350043176888
2023-07-03,85.38744354248045,44.20836721144886
2023-07-04,85.53332138061525,44.23269212785449
2023-07-05,85.67919921874997,44.23428466557394
2023-07-06,84.6698303222656,44.224658667559964
2023-07-07,85.37953948974611,44.21743336199424
2023-07-10,87.22618103027344,44.20102409464784
2023-07-11,87.77071380615234,44.23949993289193
2023-07-12,87.75493621826169,44.250308429903555
2023-07-13,87.81806945800783,44.24479062378118
2023-07-14,87.02890777587888,44.23653696314786
2023-07-17,87.7075653076172,44.18774354538329
2023-07-18,87.64445495605464,44.20667634291564
2023-07-19,86.7211380004883,44.194336556947256
2023-07-20,87.786506652832,44.162643658249756
2023-07-21,87.06835174560545,44.12578899794023
2023-07-24,87.00522613525392,43.983118673587086
2023-07-25,92.45834350585935,43.96997095300783
2023-07-26,90.53278350830081,43.92638385686652
2023-07-27,91.08518981933592,43.86478565937684
2023-07-28,90.27236175537108,43.7997618755865
2023-07-31,90.15397644042964,43.586638058242414
2023-08-01,89.34904479980469,43.55508298328377
2023-08-02,88.36257934570314,43.49627747423203
2023-08-03,88.67036437988281,43.42257754967783
2023-08-04,89.22277832031249,43.34839028197633
2023-08-07,90.54068756103513,43.12425275968687
2023-08-08,89.6094741821289,43.093486708335455
2023-08-09,88.52040863037108,43.03788963455557
2023-08-10,89.62525177001952,42.96949135116763
2023-08-11,90.43808746337895,42.902363498187945
2023-08-14,91.18778228759767,42.70847472335256
2023-08-15,89.84621429443358,42.69006329673482
2023-08-16,89.62525177001952,42.64834342481842
2023-08-17,87.56552886962888,42.59522615819846
2023-08-18,88.22055053710939,42.54469326581621
2023-08-21,88.40204620361332,42.40928707813354
2023-08-22,88.1179504394531,42.41332564846916
2023-08-23,89.54633331298832,42.39605247796626
2023-08-24,87.62866973876952,42.36936358877344
2023-08-25,88.36257934570314,42.34721436160846
2023-08-28,89.93302917480467,42.308759040351916
2023-08-29,91.01418304443362,42.34874818768289
2023-08-30,90.20923614501953,42.369111546618406
2023-08-31,90.32759857177739,42.38143167339558
2023-09-01,90.15397644042964,42.39932723012829
2023-09-04,89.61734771728517,42.483160013794304
2023-09-05,89.08071899414067,42.56322496610009
2023-09-06,88.92288208007814,42.62223663674965
2023-09-07,88.22055053710939,42.671201262588625
2023-09-08,88.16529846191405,42.72321410371756
2023-09-11,90.16976928710938,42.88851709674604
2023-09-12,90.75374603271486,42.98747950362827
2023-09-13,89.64891052246097,43.060102684904464
2023-09-14,91.26670837402344,43.11716936920706
2023-09-15,91.14044189453122,43.171690900323995
2023-09-18,91.99274444580075,43.310384024212226
2023-09-19,91.70864105224612,43.38989987707526
2023-09-20,90.63537597656253,43.437816562555106
2023-09-21,89.16752624511722,43.465520109901455
2023-09-22,87.79438781738283,43.48672483889548
2023-09-25,88.22874450683594,43.5087753342051
2023-09-26,86.8151321411133,43.54665999374771
2023-09-27,87.5732650756836,43.55276002558748
2023-09-28,88.718376159668,43.5394100258422
2023-09-29,87.30474853515625,43.521201006925104
2023-10-02,85.91483306884763,43.44226162901917
2023-10-03,85.10140991210939,43.45418307357081
2023-10-04,85.9622116088867,43.439001105081545
2023-10-05,85.85955047607423,43.40932496748378
2023-10-06,88.03130340576172,43.37984994819762
2023-10-09,87.07574462890624,43.29681904120611
2023-10-10,88.03922271728513,43.31627239329726
2023-10-11,89.44493103027347,43.31252138627813
2023-10-12,87.92075347900388,43.29754894530871
2023-10-13,86.38078308105472,43.28535226702589
2023-10-16,86.19123077392574,43.26238512086857
2023-10-17,86.88619995117188,43.30208979236907
2023-10-18,84.95136260986328,43.31753873358627
2023-10-19,84.46172332763669,43.320018600513876
2023-10-20,83.77465820312501,43.3229238893482
2023-10-23,84.25640106201173,43.326573793913774
2023-10-24,89.72924041748043,43.36800462505064
2023-10-25,87.81808471679683,43.381352444581424
2023-10-26,85.9227294921875,43.3779978252507
2023-10-27,83.98789215087886,43.37155982280939
2023-10-30,86.72037506103517,43.32989894669015
2023-10-31,85.78847503662108,43.3521922172621
2023-11-01,84.69864654541011,43.34543918526778
2023-11-02,85.11720275878906,43.321745522712014
2023-11-03,86.01750183105466,43.295447247406116
2023-11-06,88.27612304687503,43.20408884142621
2023-11-07,88.29191589355472,43.21507317376141
2023-11-08,89.91087341308598,43.20065128578409
2023-11-09,89.31067657470702,43.17328046502151
2023-11-10,91.03227996826175,43.14751284093248
2023-11-13,91.22972869873053,43.08376047725979
2023-11-14,92.59594726562499,43.112134729464834
2023-11-15,91.84571075439453,43.11885607348155
2023-11-16,93.9305953979492,43.1158765042198
2023-11-17,94.71244049072263,43.11716904533661
2023-11-20,94.82299804687497,43.14417451048551
2023-11-21,94.68085479736332,43.20374324642541
2023-11-22,94.45182800292964,43.24088781072741
2023-11-23,94.59792709350585,43.26686289259667
2023-11-24,94.744026184082,43.29503810919322
2023-11-27,94.744026184082,43.38509689261232
2023-11-28,93.85952758789067,43.45885075278797
2023-11-29,93.86743164062503,43.50618639793547
2023-11-30,96.18923187255862,43.5384073844076
2023-12-01,96.74205017089841,43.569091835050095
2023-12-04,95.97600555419923,43.64737628663089
2023-12-05,94.94935607910152,43.71261182547104
2023-12-06,94.61766815185547,43.74986016860741
2023-12-07,94.35704803466797,43.77120287102527
2023-12-08,95.23366546630857,43.79102603968341
2023-12-11,94.9888458251953,43.84399556571251
2023-12-12,96.59988403320317,43.905586030664935
2023-12-13,95.69960021972653,43.94227966992432
2023-12-14,95.83383941650388,43.9665968412645
2023-12-15,97.31853485107418,43.99323713794294
2023-12-18,97.64234161376952,44.090053375619526
2023-12-19,99.45870971679686,44.17367645340607
2023-12-20,97.4291076660156,44.23515805168622
2023-12-21,100.27214050292966,44.28643151808889
2023-12-22,100.05101013183597,44.34152663216949
2023-12-25,100.35900878906247,44.5237049146893
2023-12-26,100.6670074462891,44.63293797181801
2023-12-27,101.30708312988281,44.71643479631824
2023-12-28,101.40190887451169,44.785222460775174
2023-12-29,100.85666656494142,44.85254005355789
2024-01-01,100.19287490844732,45.03180905511319
2024-01-02,99.52908325195315,45.12548832136045
2024-01-03,98.03555297851558,45.18507417503538
2024-01-04,98.50968933105467,45.22174834580175
2024-01-05,99.79776763916013,45.24912796288239
2024-01-08,101.37030792236327,45.26714650110103
2024-01-09,101.76541900634768,45.29632239395343
2024-01-10,102.49243927001956,45.28765892951841
2024-01-11,102.5951614379883,45.25383176134596
2024-01-12,102.56354522705082,45.20998289933033
2024-01-15,101.84444046020505,45.02537542618906
2024-01-16,101.12533569335939,44.9954611358885
2024-01-17,100.26398468017577,44.934543627530374
2024-01-18,101.5836715698242,44.8565053162496
2024-01-19,102.57936096191405,44.777426189953154
2024-01-22,103.70146942138676,44.54811334798444
2024-01-23,102.68997955322264,44.52428072626936
2024-01-24,102.67417144775389,44.48040111468874
2024-01-25,102.67417144775389,44.429786964777925
2024-01-26,103.6698608398438,44.38768607096123
2024-01-29,103.59873962402341,44.3165349899736
2024-01-30,105.83509063720702,44.35668582386868
2024-01-31,104.6418533325195,44.380191127292576
2024-02-01,107.00463104248048,44.398583485259906
2024-02-02,107.8975830078125,44.42535617962047
2024-02-05,108.82214355468753,44.543164007490695
2024-02-06,108.71941375732418,44.63538783960165
2024-02-07,109.44641876220702,44.70291733234202
2024-02-08,109.88104248046875,44.756131084888686
2024-02-09,110.06281280517582,44.80765953147791
2024-02-12,110.76609802246091,44.93355574808932
2024-02-13,112.03046417236324,45.00623829385882
2024-02-14,115.76824951171874,45.0431127953077
2024-02-15,117.24597167968747,45.05537900184119
2024-02-16,117.87024688720702,45.05675357609449
2024-02-19,117.65688705444335,44.990180424184075
2024-02-20,117.4435272216797,44.990036443966204
2024-02-21,117.79913330078128,44.95266090559196
2024-02-22,119.85372924804692,44.89122307692908
2024-02-23,121.16548156738278,44.82130394886868
2024-02-26,122.3034210205078,44.57275129185852
2024-02-27,121.68704986572268,44.527162135588185
2024-02-28,122.96720886230466,44.454413965972826
2024-02-29,123.97869873046874,44.36843490681669
2024-03-01,125.36949920654297,44.28520650453809
2024-03-04,127.2344436645508,44.06531680645849
2024-03-05,124.74520874023436,44.05063505661821
2024-03-06,126.04119110107416,44.0188800021144
2024-03-07,131.57279968261722,43.982757787428255
2024-03-08,132.7265167236328,43.956849287134816
2024-03-11,131.62019348144537,43.93906619475165
2024-03-12,132.3314056396484,43.99639577363783
2024-03-13,134.46501159667974,44.036371447208445
2024-03-14,131.77035522460938,44.06995765469052
2024-03-15,133.46142578124997,44.11014988047873
2024-03-18,134.26747131347653,44.25514144329453
2024-03-19,137.07275390625003,44.351435701678184
2024-03-20,137.44416809082034,44.420994060884546
2024-03-21,139.58569335937494,44.474335895357015
2024-03-22,138.40826416015628,44.52432788675855
2024-03-25,137.09646606445312,44.6403951170739
2024-03-26,137.14387512207028,44.70968215972008
2024-03-27,142.33566284179685,44.744545059192596
2024-03-28,138.70854187011713,44.756781137885866
2024-03-29,138.6413650512696,44.760669194670605
2024-04-01,138.57418823242188,44.722849803995565
2024-04-02,135.12637329101565,44.740663755769035
2024-04-03,144.186279296875,44.72629549595105
2024-04-04,145.93882751464844,44.692945250004165
2024-04-05,154.76110839843747,44.65609447047226
2024-04-08,154.97895812988287,44.53439422639564
2024-04-09,152.96894836425787,44.53884806416761
2024-04-10,155.06805419921875,44.51908098716195
2024-04-11,156.12751770019537,44.48817263014971
2024-04-12,153.37992858886724,44.46123274226162
2024-04-15,152.45744323730472,44.407996776447675
2024-04-16,155.49269104003903,44.445198250883514
2024-04-17,154.41152954101562,44.4615281235102
2024-04-18,151.703598022461,44.46880363931956
2024-04-19,146.86302185058594,44.48086717230421
2024-04-22,148.97581481933588,44.5373100897657
2024-04-23,161.30532836914057,44.60497222283461
2024-04-24,157.903060913086,44.64692045839873
2024-04-25,159.95631408691403,44.67418290210851
2024-04-26,161.03752136230472,44.70002578731904
2024-04-29,163.16021728515625,44.7571286790099
2024-04-30,160.51181030273438,44.811516256427744
2024-05-01,158.40892028808588,44.83362878906191
2024-05-02,161.32516479492188,44.83511124829141
2024-05-03,162.78327941894526,44.8300102327341
2024-05-06,166.61207580566406,44.7725106555603
2024-05-07,167.41552734375006,44.784965681601406
2024-05-08,167.49488830566412,44.76515880111036
2024-05-09,166.1458892822265,44.7259244817395
2024-05-10,162.05920410156253,44.68239884601309
2024-05-13,158.21054077148438,44.533017990377765
2024-05-14,158.7065124511719,44.52494245353735
2024-05-15,162.14845275878906,44.49080624053698
2024-05-16,159.81745910644537,44.443661543071336
2024-05-17,158.59738159179682,44.39863568022115
2024-05-20,157.9923248291015,44.281216073968466
2024-05-21,159.6984252929688,44.29418219382775
2024-05-22,159.50996398925778,44.28543504502978
2024-05-23,163.92398071289062,44.26707253414768
2024-05-24,165.97724914550784,44.25319583401737
2024-05-27,166.587272644043,44.23320880465933
2024-05-28,167.19729614257807,44.276513313393444
2024-05-29,162.2774047851562,44.2954583405092
2024-05-30,162.8725433349609,44.30121865196563
2024-05-31,163.80496215820312,44.30711375201013
2024-06-03,160.15469360351565,44.314584124169876
2024-06-04,160.07536315917974,44.35535146991235
2024-06-05,161.2359008789062,44.36566845855467
2024-06-06,159.32150268554682,44.35689798298406
2024-06-07,160.61099243164068,44.342715881839744
2024-06-10,161.5235443115234,44.26228356514372
2024-06-11,159.0635986328125,44.266943010415886
2024-06-12,159.7480163574219,44.23929314325703
2024-06-13,154.43135070800784,44.19170498710572
2024-06-14,154.6198120117187,44.13883405303657
2024-06-17,161.910400390625,43.952914962214535
2024-06-18,163.6363372802735,43.928565811097286
2024-06-19,163.65120697021487,43.87657506578796
2024-06-20,163.66607666015622,43.809826100120546
2024-06-21,162.91223144531259,43.743291390308336
2024-06-24,159.24214172363276,43.551344956529725
2024-06-25,158.43869018554693,43.53611649504897
2024-06-26,159.34135437011716,43.49882637324984
2024-06-27,159.20246887207028,43.45177206603622
2024-06-28,157.68484497070307,43.40921537755147
2024-07-01,157.68484497070307,43.307717163024385
2024-07-02,160.144760131836,43.325882743133945
2024-07-03,161.68225097656256,43.322457910607035
2024-07-04,160.44235992431646,43.30878015726467
2024-07-05,159.20246887207028,43.29821212779454
2024-07-08,162.2079925537109,43.27691001368351
2024-07-09,161.8112182617187,43.31445621500141
2024-07-10,164.3604278564454,43.32598592550856
2024-07-11,160.8828430175781,43.32250421464787
2024-07-12,157.99148559570318,43.317186236533566
2024-07-15,158.5379638671875,43.281968171970256
2024-07-16,161.80690002441403,43.30556054954533
2024-07-17,155.65655517578125,43.29902480439037
2024-07-18,157.77288818359375,43.27384620310829
2024-07-19,158.11073303222653,43.24373064979952
2024-07-22,161.71746826171872,43.12154109624971
2024-07-23,170.89828491210938,43.11385854557089
2024-07-24,161.2604064941406,43.07611486922449
2024-07-25,163.61523437499994,43.020362831410196
2024-07-26,168.72229003906244,42.96078006479106
2024-07-29,168.7819366455078,42.76125394319123
2024-07-30,166.407241821289,42.7322050555656
2024-07-31,169.10981750488278,42.67606005558481
2024-08-01,168.66268920898435,42.604898862443314
2024-08-02,159.2533569335937,42.532811033563426
2024-08-05,157.3456420898437,42.31267505228313
2024-08-06,161.23060607910153,42.281522075602524
2024-08-07,161.09152221679685,42.2258670991264
2024-08-08,164.5492248535156,42.15747497014154
2024-08-09,166.05947875976568,42.0900953480417
2024-08-12,165.80114746093744,41.89399553412508
2024-08-13,166.88417053222653,41.87328275550184
2024-08-14,166.87422180175776,41.82959652926627
2024-08-15,168.8514709472656,41.77453981944788
2024-08-16,168.33479309082026,41.72172931379608
2024-08-19,169.8351287841797,41.57721951701896
2024-08-20,168.90115356445307,41.57630151562555
2024-08-21,170.10339355468753,41.554237782600005
2024-08-22,168.59313964843756,41.52262945090008
2024-08-23,170.1232757568359,41.49508866958515
2024-08-26,170.1232757568359,41.437849852896086
2024-08-27,169.89476013183594,41.46971081375945
2024-08-28,170.7691040039062,41.48230646055701
2024-08-29,172.46817016601557,41.48700173492779
2024-08-30,173.5014953613281,41.49714541593077
2024-09-02,168.3298416137695,41.558028893403545
2024-09-03,163.1581878662109,41.629745777270955
2024-09-04,165.29440307617193,41.681517691210956
2024-09-05,162.8004913330078,41.724160970530875
2024-09-06,160.19726562500003,41.77050931173273
2024-09-09,164.29087829589838,41.923814662107006
2024-09-10,165.91041564941403,42.01950107034375
2024-09-11,165.28446960449224,42.09061227102717
2024-09-12,168.61300659179693,42.1476339763989
2024-09-13,177.13804626464844,42.20319548796037
2024-09-16,180.27781677246097,42.351269979613214
2024-09-17,179.17494201660156,42.43458373627932
2024-09-18,182.37431335449216,42.48778032583597
2024-09-19,184.96757507324227,42.52179189159437
2024-09-20,186.22943115234372,42.54981060543649
2024-09-23,187.46150207519528,42.59385626311803
2024-09-24,188.44517517089847,42.63790383471739
2024-09-25,188.11729431152352,42.65058205236076
2024-09-26,183.67929077148443,42.64376093241809
2024-09-27,184.46540832519526,42.63153231567433
2024-09-30,187.64961242675776,42.56625854888812
2024-10-01,185.38085937500009,42.579953565971664
2024-10-02,185.5201721191406,42.56631115267263
2024-10-03,182.9827270507813,42.537637569238036
2024-10-04,186.15699768066406,42.508298161751945
2024-10-07,185.04252624511722,42.42113721563593
2024-10-08,186.54508972167963,42.43688148189231
2024-10-09,188.34614562988287,42.42965912522767
2024-10-10,187.19187927246094,42.41128475576412
2024-10-11,190.21687316894526,42.395534360348904
2024-10-14,191.6796264648437,42.36242307306128
2024-10-15,189.6297760009765,42.39820245496108
2024-10-16,191.23182678222656,42.41088333061365
2024-10-17,191.66966247558605,42.41153714435211
2024-10-18,191.65971374511724,42.41326351510965
2024-10-21,193.27171325683602,42.41769397290305
2024-10-22,175.78840637207034,42.45968014901606
2024-10-23,180.79359436035162,42.47492731158989
2024-10-24,178.8532257080078,42.47443629715017
2024-10-25,178.2163848876954,42.47137120907038
2024-10-28,174.49482727050778,42.44182163685316
2024-10-29,173.19128417968756,42.467258839648586
2024-10-30,173.7783660888671,42.46420389724506
2024-10-31,170.9324798583984,42.444316558281436
2024-11-01,170.85287475585943,42.42144277018147
2024-11-04,170.91258239746088,42.33699723821146
2024-11-05,174.39529418945318,42.347764444903966
2024-11-06,179.8681793212891,42.332973149859605
2024-11-07,177.96760559082034,42.3047572380957
2024-11-08,183.89819335937506,42.2773155828778
2024-11-11,183.64942932128895,42.203978581349105
2024-11-12,181.73892211914062,42.226736459785116
2024-11-13,182.65437316894528,42.228005049842764
2024-11-14,177.51982116699216,42.21955535419094
2024-11-15,176.0570526123047,42.215127727013396
2024-11-18,176.64416503906247,42.22486008738778
2024-11-19,176.68395996093747,42.27790218582332
2024-11-20,177.10188293457028,42.30959520112139
2024-11-21,177.818344116211,42.3309875597061
2024-11-22,180.25625610351554,42.355160770258436
2024-11-25,179.3209075927734,42.43728766383791
2024-11-26,183.68923950195318,42.508622670423286
2024-11-27,179.7089691162109,42.55491451143627
2024-11-28,180.48512268066406,42.58709232209034
2024-11-29,181.26127624511713,42.61827656929794
2024-12-02,179.54975891113276,42.700327352096544
2024-12-03,179.82836914062491,42.76596378335681
2024-12-04,181.74885559082023,42.80425042069167
2024-12-05,172.0569152832031,42.82680628971834
2024-12-06,174.7137298583984,42.84750312175016
2024-12-09,170.47476196289068,42.89995226452338
2024-12-10,170.42500305175784,42.958832513647124
2024-12-11,167.80798339843744,42.99274633192531
2024-12-12,164.01678466796875,43.01388028145325
2024-12-13,165.190933227539,43.03656819224224
2024-12-16,164.9720306396484,43.117560370253756
2024-12-17,164.9819946289063,43.19369700869648
2024-12-18,159.16084289550778,43.248139486028336
2024-12-19,163.98690795898438,43.29266941372382
2024-12-20,167.53930664062506,43.341111411774584
2024-12-23,168.18612670898443,43.50592332630181
2024-12-24,170.6439056396485,43.609625280792365
2024-12-25,170.97228240966794,43.68940909640325
2024-12-26,171.30065917968747,43.75612945715093
2024-12-27,169.516586303711,43.822760190610396
2024-12-30,167.54315185546878,44.00925365852565
2024-12-31,166.23747253417963,44.10729370788352
2025-01-01,167.13449096679693,44.17356547560155
2025-01-02,168.031509399414,44.218814598622146
2025-01-03,171.39036560058594,44.256123137686465
2025-01-06,171.87873840332026,44.31022974355902
2025-01-07,171.73921203613284,44.351545339538085
2025-01-08,172.31727600097662,44.355937635534204
2025-01-09,171.71926879882812,44.33544685123632
2025-01-10,171.1212615966796,44.30453335659366
2025-01-13,171.0016632080078,44.15351135792631
2025-01-14,176.2741394042968,44.131077148464904
2025-01-15,179.6927490234375,44.0766470160857
2025-01-16,179.14459228515625,44.003635097234074
2025-01-17,182.2442932128907,43.92765316521127
2025-01-20,184.56159210205078,43.695702509879844
2025-01-21,186.87889099121094,43.66601493019179
2025-01-22,187.7360382080078,43.615156134755765
2025-01-23,200.13482666015634,43.55631471132234
2025-01-24,196.09823608398435,43.5045930744978
2025-01-27,193.81584167480472,43.39882744903343
2025-01-28,193.78593444824222,43.42531238188853
2025-01-29,198.4404602050781,43.43586857841303
2025-01-30,204.88903808593747,43.442045438882275
2025-01-31,202.89566040039062,43.45727370620417
2025-02-03,203.43385314941403,43.54743260833411
2025-02-04,201.51023864746094,43.632353263360734
2025-02-05,203.9022979736328,43.695217970459915
2025-02-06,205.37739562988273,43.74620970865456
2025-02-07,204.59999084472648,43.79764349141142
2025-02-10,204.5401763916016,43.936112408325684
2025-02-11,208.1282653808593,44.01576429133242
2025-02-12,208.9455413818359,44.06209074699093
2025-02-13,207.6697845458985,44.08571433200987
2025-02-14,207.58007812499997,44.099681641121336
2025-02-17,208.48208618164068,44.07515970523559
2025-02-18,209.38409423828125,44.08814944824013
2025-02-19,209.80270385742182,44.06414836210768
2025-02-20,208.04853820800778,44.01565936409999
2025-02-21,199.16802978515625,43.95758086769107
2025-02-24,198.05175781249994,43.73532036315598
2025-02-25,198.60989379882804,43.6936751899345
2025-02-26,200.94215393066415,43.62343164119782
2025-02-27,200.76274108886724,43.53817428211751
2025-02-28,206.29434204101562,43.45354767896662
2025-03-03,201.2909851074219,43.21763888477189
2025-03-04,198.1115570068359,43.19308365232191
2025-03-05,201.82919311523435,43.15072370390277
2025-03-06,195.40055847167963,43.10323737287313
2025-03-07,193.20785522460932,43.0651350121024
2025-03-10,191.83984374999994,43.00885162782433
2025-03-11,191.44042968750009,43.052534630715904
2025-03-12,194.7156524658203,43.08021872902631
2025-03-13,192.13940429687503,43.10283225240572
2025-03-14,196.82257080078116,43.1332343738215
2025-03-17,201.73539733886722,43.25793511106944
2025-03-18,200.49719238281247,43.34968427262879
2025-03-19,205.27023315429685,43.417265929240706
2025-03-20,203.63261413574216,43.470861255779184
2025-03-21,203.8323364257813,43.52288443160036
2025-03-24,209.92343139648432,43.65455149308073
2025-03-25,211.8206634521485,43.73037255944575
2025-03-26,207.06759643554693,43.77339600505899
2025-03-27,205.5797882080079,43.79481426567485
2025-03-28,199.58853149414065,43.808237703558746
2025-03-31,199.85812377929693,43.79842810076397
2025-04-01,203.49282836914074,43.82334379711948
2025-04-02,199.4786987304687,43.8158536422291
2025-04-03,187.35639953613284,43.78864978544343
2025-04-04,166.5667572021485,43.75669538408569
2025-04-07,167.45545959472648,43.64139657237569
2025-04-08,169.1230163574218,43.644012738888705
2025-04-09,186.99691772460935,43.62173063117358
2025-04-10,181.24531555175784,43.587424659859344
2025-04-11,181.40507507324222,43.55597655067141
2025-04-14,185.72877502441415,43.48438953226282
2025-04-15,185.39924621582034,43.5133803734703
2025-04-16,182.1839447021485,43.52209671198483
2025-04-17,181.52490234374997,43.52227666280874
2025-04-18,179.80741882324222,43.52761040437024
2025-04-21,178.0899353027344,43.5681401979865
2025-04-22,188.90412902832028,43.631266435295
2025-04-23,193.39756774902344,43.670595079051594
2025-04-24,197.1221313476562,43.69690593885235
2025-04-25,198.14064025878898,43.7231150840564
2025-04-28,200.56710815429696,43.789106323285274
2025-04-29,200.20762634277338,43.8475960792704
2025-04-30,201.246109008789,43.875497270883585
2025-05-01,203.31309509277352,43.88395456622382
2025-05-02,207.39712524414068,43.88643863704422
2025-05-05,208.63531494140634,43.85331953150098
2025-05-06,208.29582214355463,43.87256191653583
2025-05-07,209.61389160156253,43.85979452528613
2025-05-08,214.17723083496082,43.827340663321465
2025-05-09,214.64654541015628,43.789799245629936
2025-05-12,218.63072204589838,43.65239502847377
2025-05-13,221.25688171386713,43.644934579728236
2025-05-14,222.91447448730466,43.61090522540985
2025-05-15,229.04551696777344,43.56307927610926
2025-05-16,231.44201660156256,43.5162841840175
2025-05-19,234.94688415527347,43.3881294971171
2025-05-20,234.9169311523438,43.39503695400486
2025-05-21,233.19943237304696,43.38050930994117
2025-05-22,229.93421936035153,43.3565308864363
2025-05-23,232.45053100585926,43.3370316378553
2025-05-26,236.93898010253898,43.30209648160743
2025-05-27,241.4274291992188,43.34046218596556
2025-05-28,243.3146667480469,43.356018727400446
2025-05-29,243.80397033691403,43.35974475220152
2025-05-30,245.55140686035165,43.364673125733475
2025-06-02,247.1191101074219,43.37615101365076
2025-06-03,248.50708007812509,43.41936240948599
2025-06-04,250.51416015625009,43.433879172988384
2025-06-05,251.55264282226565,43.430644557303474
2025-06-06,255.25723266601568,43.42283400497953
2025-06-09,251.04339599609366,43.36503410614044
2025-06-10,241.64710998535153,43.37668373422793
2025-06-11,245.16198730468759,43.35667637760633
2025-06-12,239.64004516601557,43.31687919602056
2025-06-13,236.25498962402344,43.27140568908829
2025-06-16,236.19506835937509,43.10379407827673
2025-06-17,235.4062194824219,43.08273976484238
2025-06-18,235.54602050781259,43.033676826808815
2025-06-19,237.28347778320315,42.96914113705006
2025-06-20,239.02093505859366,42.90373860310774
2025-06-23,247.4486389160156,42.70899099536279
2025-06-24,248.38726806640634,42.68988689042487
2025-06-25,249.5355834960936,42.64858828459067
2025-06-26,250.63398742675778,42.59722952768588
2025-06-27,254.13885498046884,42.54986644842095
2025-06-30,257.01467895507807,42.43252870593094
2025-07-01,248.65687561035168,42.44434687548035
2025-07-02,244.39309692382807,42.43550651196743
2025-07-03,246.52000427246082,42.41719152326283
2025-07-04,247.5849990844726,42.40253633288079
2025-07-07,248.6499938964844,42.373373021747824
2025-07-08,247.0500030517579,42.408870244616026
2025-07-09,250.3300018310548,42.419949067981726
2025-07-10,252.57000732421872,42.417316112510704
2025-07-11,255.41999816894523,42.413768024146755
2025-07-14,262.3399963378905,42.3890017639595
2025-07-15,264.6700134277344,42.4164275530802
2025-07-16,266.1799926757812,42.41497787066196
2025-07-17,260.27999877929676,42.39572041285757
2025-07-18,263.2699890136719,42.371888145992564
