horizon,mse,rmse,mae,mape,mdape,smape,coverage
37 days,0.03541533078064877,0.18818961390217254,0.12718935083446506,0.030350760641174392,0.017265647635920846,0.030589405388119592,0.46448863636363635
38 days,0.035555116842270224,0.1885606449985527,0.12833566634997273,0.030616107406273706,0.01790113397549803,0.030856061283175175,0.4550687799043062
39 days,0.03602984272490888,0.18981528580414403,0.1298971695770831,0.030972761596123232,0.018315258315826546,0.031207924943874865,0.44579844497607657
40 days,0.036930553256940155,0.1921732376189259,0.13211470216211738,0.0315013354236462,0.018488523742201005,0.03174806229503734,0.43794856459330145
41 days,0.03771953821502307,0.19421518533581011,0.13438658414603502,0.032036713498581955,0.019555214046138504,0.03228715013012523,0.4265101674641148
42 days,0.038187039797064,0.1954150449608832,0.1359288163300455,0.032399951303839214,0.019896700202568333,0.03264886399233036,0.41589413875598086
43 days,0.038018585447481615,0.1949835517357339,0.136241978335625,0.03245328692045234,0.020087144423879672,0.0326804522309265,0.40916193181818183
44 days,0.037576629012533024,0.1938469215967409,0.13625267487451478,0.03243636987680897,0.02051851199727138,0.032653089944922324,0.4034090909090909
45 days,0.037649022366473155,0.19403355989743928,0.1373250950198518,0.03268060571866661,0.020985012109898435,0.03290338157179232,0.39817583732057416
46 days,0.038383139196921996,0.19591615348643918,0.13911990812886046,0.03309279790398036,0.021280079666934418,0.03331258374422494,0.39241925837320574
47 days,0.03935291401904305,0.1983756890827176,0.14115513167265864,0.03357869573641793,0.02159301898293603,0.033805724065872116,0.3881578947368421
48 days,0.04010799395310372,0.20026980289874888,0.14314253045742345,0.03404788025765201,0.022237189136288422,0.03427775160753742,0.3796351674641148
49 days,0.04058358914369928,0.2014536898239873,0.1446690646362673,0.034414807141946606,0.022521401144306445,0.03463541132182878,0.3718600478468899
50 days,0.040350321851433994,0.20087389539567851,0.14460904183070125,0.03437998270733312,0.022669336874598867,0.03456392173034346,0.3700284090909091
51 days,0.03975462580127695,0.19938562084883893,0.1441277043827693,0.03424459624538609,0.02279828753757939,0.034413030732910285,0.37073863636363635
52 days,0.03998742095862645,0.1999685499237979,0.14536456348051113,0.03454420888282317,0.022914916375673344,0.034718952250688086,0.36692583732057416
53 days,0.0409547852180783,0.202372886568528,0.14727401294416473,0.03500327793844446,0.02311048392973327,0.03516598893880127,0.36326255980861244
54 days,0.04165710826000743,0.2041007306699499,0.1484808134855773,0.03528492042221813,0.023329229938098328,0.03544600076455962,0.3639354066985646
55 days,0.04216039840532827,0.20532997444437642,0.14976466876819694,0.035586967129502635,0.023560843766890258,0.035737169003576076,0.3625149521531101
56 days,0.042337897176775184,0.2057617485753248,0.1506259737178868,0.03580656892896227,0.023618380525090542,0.035933181455324446,0.361244019138756
57 days,0.04200165974084769,0.2049430646322234,0.15018489765544107,0.035696987305008615,0.02359229300615387,0.03578087154522443,0.36669034090909086
58 days,0.04134972015705097,0.20334630598329287,0.1493215477815933,0.035483939965082506,0.02370076226111461,0.03554687152800629,0.37073863636363635
59 days,0.04158191104086234,0.20391643151267222,0.1505234206043641,0.03579599580441215,0.02423726392162833,0.03585948591320926,0.36692583732057416
60 days,0.042499034180038205,0.2061529388100936,0.1524786912180862,0.036277520681985524,0.02451913197287558,0.03632447657517992,0.3639354066985646
61 days,0.04328525292387056,0.20805108248665893,0.1539458447500062,0.03663947305403963,0.024645212201842286,0.036681768531391296,0.36460825358851673
62 days,0.04379324954313274,0.20926836727783954,0.1550612496086112,0.0369039250646277,0.024886877299239697,0.03693120574377043,0.36460825358851673
63 days,0.043863326944399976,0.2094357346404858,0.15555673045918314,0.03703037012079886,0.02525008308200754,0.03703317858882078,0.3655801435406698
64 days,0.043502231771159,0.20857188633936022,0.15509056926815526,0.03691326224072895,0.025431543062197283,0.0368742556752513,0.36811079545454545
65 days,0.04292621853583821,0.20718643424664224,0.15442702601962394,0.03674634538833074,0.02572136303667958,0.036687009213149505,0.3721590909090909
66 days,0.04319673477876616,0.2078382418583408,0.15537959914020497,0.03698749498906279,0.02583774952302139,0.0369284893371346,0.3704395933014354
67 days,0.04419426087435854,0.21022431085475948,0.15720264210264345,0.03742805870515535,0.025972789548834106,0.037352202975692285,0.3667763157894737
68 days,0.04492033903407719,0.21194418848856694,0.1584856582478085,0.03773537687923914,0.026205921021665187,0.037652639116768,0.36535586124401914
69 days,0.04547102518689019,0.2132393612513651,0.1595451089873832,0.037984021525786435,0.02645073354038218,0.0378856658040172,0.3659539473684211
70 days,0.045752132558813524,0.2138974814223242,0.15993419045066365,0.03808114405841718,0.02652822342989324,0.037959195665028284,0.371261961722488
71 days,0.0455677987600811,0.21346615366394997,0.15925504374294205,0.03790124867508703,0.02652822342989324,0.03774046014104522,0.3803977272727273
72 days,0.045288101298316424,0.21281001221351506,0.1586401512922971,0.03773864739346235,0.02652822342989324,0.037559713634511174,0.3884943181818182
73 days,0.04581367820721698,0.2140413002371668,0.1596854962304256,0.03799902581779099,0.026604653734840528,0.03782728774225985,0.39025119617224885
74 days,0.04671076303462371,0.21612672910730804,0.16118239121030797,0.03836105070689963,0.026686770123077557,0.03817959355157522,0.39017643540669855
75 days,0.047241512182448056,0.21735112648074326,0.16210836147981444,0.038589370030783804,0.026739730343822585,0.0384042566510093,0.39301734449760767
76 days,0.047742099685168064,0.21849965602986213,0.16312511867100035,0.03882789294407983,0.02759452490784312,0.038628144319502,0.3944377990430622
77 days,0.04793710650850466,0.21894544185368342,0.16352898827382942,0.03892714633101842,0.028302124024025904,0.03870644796106904,0.3997458133971292
78 days,0.04766142664595277,0.2183149711906006,0.16289932140648697,0.0387564794249243,0.0280144819043385,0.03850048580714593,0.4117897727272727
79 days,0.04741786051573705,0.21775642474043572,0.16222911059228406,0.03857852042104256,0.027202908850025145,0.03830525573973918,0.42329545454545453
80 days,0.04808560381506157,0.21928429906188351,0.16338693202621518,0.03886450671625527,0.027635365555744036,0.0386005573597074,0.4298744019138756
81 days,0.048986931392172355,0.22132991526716933,0.16486384910436175,0.03922137387663333,0.028134762578417752,0.038950726556822,0.435630980861244
82 days,0.04929892827890323,0.22203361970409624,0.16534353360319773,0.03933824436427616,0.02752616906144708,0.039063332785930244,0.44273325358851673
83 days,0.04979525239467793,0.22314849852660432,0.16627341409765198,0.03955442032369334,0.028134762578417752,0.0392637712262801,0.4469946172248804
84 days,0.05007735479777415,0.22377970148736492,0.16683223884238554,0.039688805174516346,0.027890520885862406,0.039380445507018254,0.4529754784688995
85 days,0.049764804489217496,0.22308026467892111,0.16620337292823908,0.039519723174346884,0.02851978285842735,0.03917786349137691,0.4642045454545455
86 days,0.049672988231997776,0.22287437769290075,0.1659627081942595,0.03944576522335697,0.028399987655215626,0.0390929837201235,0.47301136363636365
87 days,0.05061413672194792,0.22497585808692436,0.167843838192804,0.03990999635492934,0.027905285410041537,0.039570777176395254,0.4727123205741627
88 days,0.051559429361404986,0.22706701513298885,0.1696158389633754,0.04033849157069022,0.02851978285842735,0.03999043647836776,0.4726375598086125
89 days,0.05166642987479824,0.22730250740983532,0.16986678162761648,0.04039296050821894,0.028998040576650116,0.040037800067828165,0.4789922248803828
90 days,0.05196921852773813,0.22796758218601637,0.1706585660029221,0.04057635247688692,0.029113317329540003,0.04020725377316617,0.48258074162679426
91 days,0.05239310900741701,0.22889541062987045,0.1715795903261663,0.04082134879818013,0.028998040576650116,0.04043654295521584,0.486244019138756
92 days,0.052276804738065084,0.22864121399709433,0.17123476676115967,0.04073281769096181,0.028761982466174084,0.040324965582670395,0.49169034090909086
93 days,0.05238858721111885,0.2288855329878209,0.1714046509721293,0.04077827032902645,0.029383146937243608,0.04036192479159689,0.4950284090909091
94 days,0.05335463857481748,0.23098623027102175,0.17356394024826136,0.041331076537547334,0.030247377467788453,0.0409253127798977,0.49117822966507174
95 days,0.054205195021725265,0.23282009153362446,0.17542370102053478,0.04178571682353389,0.030581383721639092,0.04137751231180673,0.49035586124401914
96 days,0.05444172149788595,0.23332749837489355,0.17587122851506376,0.04188705243704329,0.030581383721639092,0.04148135002056284,0.4960376794258373
97 days,0.05495770467626862,0.23443059671525093,0.17672244227304887,0.042090014032514514,0.030654888343385565,0.04167018132414998,0.500299043062201
98 days,0.05539999417874541,0.23537203355272565,0.17765386558020532,0.04233170873084105,0.030581383721639092,0.04190259920604821,0.5032894736842105
99 days,0.05542934406634103,0.23543437316233376,0.17773541276839466,0.04234892484432292,0.030555382265954736,0.04189298673798247,0.5087357954545454
100 days,0.055596528277526217,0.23578916064468744,0.1778036608632458,0.0423633344112634,0.030808959766024515,0.0418928550151146,0.5142045454545454
101 days,0.05701718604880739,0.2387827172322306,0.1801833517791117,0.042967526656608836,0.03116044324391026,0.04250608996331994,0.5159988038277512
102 days,0.05823656872991287,0.2413225408657734,0.1825437866858241,0.0435409588645046,0.032246011023150424,0.04308471995083987,0.5173444976076556
103 days,0.05874297798881436,0.24236950713490005,0.1834623055154868,0.04376011149453255,0.0322095782178462,0.0433115124691585,0.5251196172248803
104 days,0.059720672479375674,0.2443781342088029,0.18482415778544722,0.04410573998681823,0.032418261174427865,0.04363936296990825,0.5322218899521531
105 days,0.0603883076083312,0.24574032556406203,0.1860283974077933,0.044427373331805776,0.033039532242752113,0.04395528364924759,0.5373803827751197
106 days,0.060533784739644,0.24603614518936848,0.18653445311033076,0.044566589126888594,0.033012737045646584,0.04406817803295768,0.5412642045454545
107 days,0.0610586983911863,0.24710058355088177,0.1875110749976986,0.04483274730528318,0.03326214843902947,0.04432039603995501,0.5433238636363636
108 days,0.06279002666727407,0.2505793819676193,0.19060798488565062,0.04563728843484874,0.03370137515699175,0.04513879257676571,0.5423145933014354
109 days,0.06407624691801347,0.25313286416033276,0.19300372094289617,0.046232521822327614,0.034043975218528394,0.045742276437437,0.5408193779904307
110 days,0.06445138103960213,0.25387276545467047,0.19362299815646053,0.046384274045753474,0.03417422778621049,0.0458995939238938,0.5457535885167464
111 days,0.06559635468257939,0.25611785311176455,0.19513190762311955,0.046774465445096364,0.03417422778621049,0.04626458169168501,0.5507625598086124
112 days,0.06685958034106038,0.25857219560706907,0.1970037828546558,0.047282463904195195,0.03427501286602545,0.04675335522345278,0.5536782296650717
113 days,0.06735873340690449,0.2595356110573354,0.1978179829683339,0.047510474931430416,0.035172782206612796,0.0469527594595935,0.5554687500000001
114 days,0.06801888258070753,0.2608042993907645,0.19860268054105845,0.04774819458717027,0.03559707513307196,0.04717315226473043,0.5575284090909091
115 days,0.06969372327000078,0.2639956879761501,0.20132950021584622,0.048466967256558295,0.035838952257790754,0.047907100909816286,0.5579395933014354
116 days,0.0709589324756485,0.26638117890655955,0.2035649543347433,0.049019141661565846,0.03636009306213235,0.0484778414583174,0.5592852870813397
117 days,0.07143412423398313,0.26727163005822957,0.20397916831787677,0.049118573425552696,0.036372382964124296,0.04858678400565473,0.5657147129186603
118 days,0.07276472543803422,0.26974937523196274,0.20549447446594538,0.04950730654346713,0.03651442953075457,0.048953016340219424,0.5686303827751197
119 days,0.07392591651390071,0.2718932079216042,0.2069952668217908,0.049917134576782485,0.036745666516172004,0.04935646969276417,0.5706489234449761
120 days,0.07410552232317019,0.27222329496788145,0.2070570786888952,0.049947857553486234,0.03657374560212225,0.04936945943788667,0.5759943181818182
121 days,0.07460687087399923,0.2731425834138632,0.20735972329069827,0.05004343026714131,0.036745666516172004,0.0494589913938577,0.5795454545454546
122 days,0.07630848161277753,0.27623989866197374,0.20988111358863393,0.050707484840891645,0.03731856748332207,0.05014657125782213,0.579994019138756
123 days,0.07754390319099579,0.27846705943611316,0.21179256511916866,0.05118617843072066,0.03744702009225496,0.05064632586356406,0.580592105263158
124 days,0.07778784091345346,0.2789047165493145,0.21148900368128742,0.05110895514113269,0.03720783079350574,0.05058007923711058,0.588441985645933
125 days,0.07896423500921396,0.28100575618519624,0.21276487374540717,0.05143229252338124,0.03729723240080289,0.050886306249487374,0.5906848086124402
126 days,0.08033406922044893,0.283432653765315,0.21464285655861595,0.05193680783833237,0.03720783079350574,0.05139291564154804,0.5912081339712919
127 days,0.08074842947423952,0.2841626813539025,0.214898307223076,0.05201214599663735,0.03698873815029197,0.051456819425261015,0.5936789772727272
128 days,0.08158175781135536,0.28562520514015455,0.21565837836548687,0.05221802742445654,0.03691662303284464,0.05165826135992103,0.5973011363636364
129 days,0.08347789033150504,0.2889254061717402,0.21837205373855204,0.052924272996540615,0.03736473362656934,0.05239180162854498,0.5991327751196173
130 days,0.08458004478201889,0.2908264856955413,0.2198063013425546,0.05326455206424559,0.037163161991119784,0.052769084948449604,0.6011513157894737
131 days,0.08487189459359118,0.2913278129420382,0.219642996625136,0.05320966040049144,0.03691662303284464,0.05273013789953973,0.6090011961722488
132 days,0.08630038166743807,0.2937692660361837,0.22123592746668655,0.05361850021199361,0.036704093641498195,0.05311472133507301,0.611244019138756
133 days,0.08765529554370578,0.29606637016673437,0.22299270348979938,0.05409459789932338,0.037163161991119784,0.05359362283517794,0.61251495215311
134 days,0.08809990729092981,0.2968162854206787,0.2233837813468803,0.054215370164775026,0.03706584254106457,0.0536946444448556,0.6143465909090909
135 days,0.0888704866527489,0.2981115339143202,0.2241591210575705,0.054428859939280455,0.03691662303284464,0.0539067676015843,0.6157670454545454
136 days,0.09075768464995478,0.3012601610733732,0.22671982550391323,0.05509350837473947,0.03691662303284464,0.0546109505974909,0.6175986842105263
137 days,0.09205927012846989,0.30341270594434555,0.22862357806523234,0.05554661020412365,0.03706584254106457,0.0551080230683155,0.619691985645933
138 days,0.09244625180949999,0.30404975219443936,0.22889098297105412,0.055605416555834196,0.03691662303284464,0.05518925820166171,0.6239533492822966
139 days,0.09389194625356784,0.3064179274350113,0.23054233882076244,0.05602857142037279,0.03725256359841693,0.05559502305753161,0.6233552631578948
140 days,0.09521112348824871,0.30856299760056893,0.2323704776264048,0.05649836077678869,0.03746368115720504,0.05608341750729689,0.6202900717703349
141 days,0.09525775309426532,0.30863854764799764,0.2324133297614467,0.05650188955034719,0.03736292701635347,0.05608105134578444,0.6220880681818182
142 days,0.09593298652952104,0.309730506294619,0.23279654556762328,0.056595164356469094,0.03746368115720504,0.056180271104632036,0.6257102272727273
143 days,0.0978713376180293,0.3128439509052865,0.23519420661978582,0.057185068887872254,0.03773160447945878,0.05682103774670724,0.6261214114832536
144 days,0.09903225901930914,0.3146939132225298,0.23664573876627565,0.05749985625373458,0.03783967680871293,0.05718293522766588,0.6267942583732057
145 days,0.09906675582368063,0.3147487185417609,0.23639399480258205,0.05741177677472278,0.03778919966230915,0.05711719820046111,0.6317284688995216
146 days,0.10034008864916434,0.31676503697403907,0.23798637201438924,0.05781658097921745,0.037813091462979564,0.05749983794181161,0.6325508373205742
147 days,0.10157500462146292,0.31870833785996705,0.24002138711025758,0.05833547066214269,0.038040406073278535,0.05803430871202351,0.6316537081339713
148 days,0.1015085230661754,0.31860402236345886,0.24014715970489353,0.05835371715950915,0.038498353002879834,0.0580548026284665,0.6334517045454545
149 days,0.10191912096162915,0.31924774229683933,0.24043693619879922,0.05841907396439803,0.038121266776786955,0.058125338490833255,0.6377840909090909
150 days,0.1034758598531958,0.32167663865005147,0.24263854070460333,0.05894740851705456,0.038498353002879834,0.05870000294077915,0.6389055023923444
151 days,0.10448206688179128,0.3232368587921113,0.24449208313295462,0.059353812077423476,0.03855476079945719,0.059150008272785826,0.6389055023923444
152 days,0.1044206528109394,0.32314184627023995,0.24454664681248317,0.059350742318355736,0.03855476079945719,0.05916635991064816,0.6417464114832536
153 days,0.10545196600398268,0.3247336847387143,0.24619031183251436,0.05975825719146796,0.038847557210305986,0.05955348581397777,0.6411483253588517
154 days,0.10658322866026433,0.3264708695431559,0.24825913222647794,0.060275021492330834,0.03907368401695353,0.0600858850831374,0.6380083732057416
155 days,0.1064141327731306,0.3262117912846355,0.24869150199432635,0.06037869368999442,0.03961315850239181,0.06018304798090037,0.6389914772727273
156 days,0.10684162565645304,0.32686637278321096,0.24954135352421594,0.06057983620443261,0.03990053993375554,0.060388328293314,0.6392045454545454
157 days,0.10856561939536157,0.3294929732109041,0.2524410057640862,0.06129495248706352,0.04080189388310001,0.06114784197514009,0.6361393540669856
158 days,0.10950966581474436,0.33092244682817207,0.2544188646601435,0.06175052633459591,0.04155790127339566,0.06164704167345223,0.6353917464114832
159 days,0.10938676321966706,0.3307366977214156,0.2545930874533779,0.06177668265143818,0.041442901832820525,0.06170163351667988,0.6389055023923444
160 days,0.11024131872198203,0.3320260813881675,0.25620162990032913,0.06214832584399312,0.04155790127339566,0.06207484219540341,0.6376345693779905
161 days,0.11151594535854929,0.33394003257852944,0.2586700130506526,0.0627546013978413,0.04310453844257762,0.06270824546073239,0.6365879186602871
162 days,0.11150953348874207,0.3339304321093573,0.25945137413201297,0.06295579374366549,0.04387759452860855,0.06289476153671786,0.6375710227272727
163 days,0.1120277879907524,0.3347055242907598,0.2606432006510943,0.06326043079090632,0.04446521151571954,0.06319262669641261,0.6384943181818182
164 days,0.11389904294845006,0.3374893227176973,0.26364131190236917,0.06402224317882593,0.04511081677203964,0.06399039174023438,0.6375598086124402
165 days,0.11507246051496836,0.3392233195329713,0.2658743986272182,0.06457560236358116,0.046253861629138505,0.06456490589494318,0.6382326555023924
166 days,0.11522566464019479,0.3394490604497158,0.26651958333575637,0.06474373590503524,0.04635918488615742,0.06474144593141265,0.6431668660287081
167 days,0.11619759951331889,0.3408776899612512,0.2681477011382042,0.06512660370760265,0.046253861629138505,0.06511525270185428,0.6454096889952153
168 days,0.11736847075043394,0.3425908211707283,0.2702557610713294,0.06564088378802238,0.04709811253582327,0.06565664233384262,0.6458582535885168
169 days,0.11730003418676324,0.34249092569988365,0.27081769373148157,0.06577323422965951,0.047438296017364885,0.06577542755912452,0.6475142045454546
170 days,0.11772360880984842,0.3431087419606916,0.2716311761659891,0.06593722799755054,0.04756065110778283,0.06594671575035384,0.6491477272727273
171 days,0.11949556930368709,0.3456813117651677,0.2742018180966914,0.06654620232540133,0.04843078822835284,0.0666079890881466,0.6502691387559808
172 days,0.12064658814177348,0.347342177314782,0.27606687162636195,0.06696057461342622,0.048662587525656054,0.067063183317832,0.6524372009569378
173 days,0.12058070890540501,0.3472473310270433,0.27605906826757615,0.06694057585766912,0.04859062113873514,0.06706463049514154,0.6566985645933014
174 days,0.12164341324907273,0.3487741579433212,0.27729248468281836,0.06723065765793124,0.048662587525656054,0.06733972407282203,0.6588666267942584
175 days,0.12293387318315072,0.3506192709808614,0.2789999492974337,0.06764103902786091,0.048609656771841286,0.06777614508038292,0.6608104066985646
176 days,0.12282110885572246,0.35045842671524174,0.2789576546299749,0.06761319716333412,0.048569382676024425,0.06772940945011445,0.6647017045454545
177 days,0.12341510171648801,0.35130485581114307,0.279638227296531,0.06775762778774458,0.04825953344203118,0.06786868597966246,0.6669034090909091
178 days,0.125488326383383,0.35424331522751845,0.28215912682808514,0.06835000361972855,0.048609656771841286,0.06851776944203676,0.6659688995215312
179 days,0.12666502684000336,0.3559003046360081,0.2838162359684872,0.0687247708983158,0.048737054779424416,0.06893706978061188,0.6673145933014354
180 days,0.1267094668816198,0.35596273243363524,0.28378620163022056,0.06870799689729336,0.04876630909121469,0.06894789403102211,0.6729964114832536
181 days,0.12807207387079833,0.3578715885213554,0.2851853663040966,0.0690364191446814,0.04871962428881212,0.06927562630608725,0.6759120813397129
182 days,0.12997503524009008,0.3605205059911157,0.2873663708988927,0.06955266867526519,0.04876630909121469,0.06983394299354992,0.6778558612440192
183 days,0.1299506844701363,0.36048673272415493,0.2873848804128569,0.0695260248826163,0.04902858352439679,0.06980077694072985,0.680965909090909
184 days,0.13049228567287774,0.3612371598726766,0.28768125148880885,0.06956224843331708,0.04876630909121469,0.06983566908842408,0.6839488636363636
185 days,0.13276496962377748,0.3643692764542278,0.2899883220192455,0.07008764997164108,0.048853322718747955,0.07042460973615482,0.6844348086124402
186 days,0.13439814163432431,0.3666035210337243,0.2915981374576362,0.07044030694311931,0.04946486497979444,0.0708327899576065,0.6857805023923444
187 days,0.13513725975359528,0.3676102008290783,0.29145171846209617,0.07038127539953441,0.04902858352439679,0.07081255829291794,0.6914623205741627
188 days,0.13703690659383053,0.3701849626792403,0.2925234651465278,0.0706186870537286,0.049232678954970986,0.07105040359980579,0.6957984449760766
189 days,0.13897921758757084,0.37279916521844686,0.2941126244945328,0.07097739382855689,0.04865220703522326,0.07145767058634524,0.6984150717703349
190 days,0.13873337911404734,0.372469299559101,0.293461435228619,0.07079043564379063,0.04865220703522326,0.07125826083990804,0.7022727272727273
191 days,0.139240715245619,0.37314972229068993,0.29324640221630177,0.07070484055424259,0.0487488786006024,0.07114546824935111,0.7045454545454546
192 days,0.14199580091191372,0.37682330197575853,0.29543209031340023,0.07121040666921295,0.048569382676024425,0.07169202621864469,0.7043211722488039
193 days,0.1438306944043716,0.3792501739015707,0.2967602248271402,0.07150159699626696,0.04905741814932216,0.07203438637845902,0.7056668660287081
194 days,0.14444644300654386,0.3800611043063258,0.2961351314109494,0.07132022226841973,0.04853491074348755,0.07188311712818862,0.7120962918660287
195 days,0.14652885212979558,0.3827908725790044,0.2970295489596784,0.07151738603062426,0.04853168858433382,0.07206338807144617,0.715011961722488
196 days,0.14909487884314018,0.3861280601602792,0.2989831459681994,0.07199939740756812,0.04853491074348755,0.07255532105300189,0.716880980861244
197 days,0.1494415435912685,0.3865766982000706,0.2987550103938487,0.07192991747818059,0.04853491074348755,0.07243919457870045,0.7205965909090909
198 days,0.15046015328138027,0.38789193505586095,0.2987794639587886,0.07190387157353219,0.04853168858433382,0.07238149957600909,0.7215909090909091
199 days,0.15342496623664337,0.3916949913346396,0.30086330943470085,0.07235037836900532,0.04853168858433382,0.0728954746824235,0.7227870813397129
200 days,0.15534506638788717,0.3941383848191992,0.3020595780254035,0.0725654644669857,0.04853491074348755,0.07317010331802905,0.7248803827751197
201 days,0.1557478213635353,0.3946489850025403,0.3013565253336162,0.07232309111398524,0.047735024115650906,0.07297722592146295,0.7298893540669856
202 days,0.15765835403912434,0.39706215387408095,0.30210980298181045,0.07244598540108045,0.04747150987475159,0.07310490400960565,0.7313845693779905
203 days,0.16031612227938297,0.4003949578595901,0.3040719370513299,0.07289708216133911,0.04747150987475159,0.07359103583885526,0.7310107655502392
204 days,0.16078763425040507,0.4009833341304911,0.3042399812207375,0.07292111874031738,0.04853168858433382,0.07356872622738987,0.7333806818181817
205 days,0.16148168660967765,0.40184784012070746,0.3042304121714714,0.07287704368189864,0.047735024115650906,0.07349856652102368,0.7357954545454546
206 days,0.1645592482211222,0.4056590295076916,0.3063516273707661,0.07335376261172268,0.046821618304250676,0.07403789912419942,0.7369916267942584
207 days,0.16655219713564612,0.40810807041229424,0.30798200861053865,0.07371241143098618,0.046821618304250676,0.07445378702564684,0.739084928229665
208 days,0.16709518000255477,0.4087727730690423,0.3075628897491206,0.07358701455852619,0.045315683740937016,0.07435932171689213,0.7440938995215312
209 days,0.1691270080809342,0.4112505417393808,0.3085266486082423,0.0738026948640954,0.04509661779262355,0.07456009181808915,0.745589114832536
210 days,0.17137839402840543,0.4139787362032082,0.3102315194529642,0.0742032424909943,0.045816723368378,0.07499091017273123,0.7452153110047847
211 days,0.17112969147835222,0.4136782463199536,0.30957501199806164,0.07401089301796698,0.045816723368378,0.07475337961296041,0.7475852272727272
212 days,0.17153926652974677,0.41417299106743644,0.309296507731443,0.07391329813670598,0.044272661460234924,0.07462060366999823,0.75
213 days,0.17448684044813884,0.4177162199964694,0.31135981279510727,0.0744050548373023,0.04499317172416793,0.07516302142358863,0.7511961722488039
214 days,0.17597438430106813,0.4194930086438487,0.31271848870314417,0.07471758046944597,0.04499317172416793,0.0755221031499353,0.7532894736842105
215 days,0.17578043605653595,0.4192617750958653,0.3120680140251252,0.07456041937902069,0.04309315172487483,0.07537662985185142,0.7582984449760766
216 days,0.17723200346464363,0.42098931514308485,0.31275982710714034,0.07473699998969387,0.04201149520776813,0.07550369930352505,0.7597936602870814
217 days,0.1792123856786476,0.42333483872538485,0.31448980589651304,0.07516487370363446,0.0432002279867823,0.07593381772685992,0.7594198564593302
218 days,0.17892510141507484,0.4229953917184853,0.3143414331241251,0.07511597235267863,0.044272661460234924,0.07582059817897834,0.7617897727272727
219 days,0.17947291450523173,0.4236424370919794,0.3145516429398164,0.0751480113692038,0.0424342334379496,0.07581511869219247,0.7642045454545454
220 days,0.182539164720442,0.4272460236449744,0.3171218032098126,0.07578124885401744,0.042690022571387945,0.07650460259373436,0.7647278708133971
221 days,0.18417774165635492,0.4291593429675683,0.31901486142968677,0.07624064193073238,0.04499317172416793,0.07700932800978323,0.7654007177033493
222 days,0.18358868851383275,0.4284725061352627,0.3184107765753599,0.0761053722049285,0.045212237672481406,0.07687630392424917,0.7696620813397129
223 days,0.18429809945640824,0.42929954513883223,0.31892619846616543,0.07624044189988871,0.04528751876597772,0.07695655433300357,0.7711572966507177
224 days,0.18525614238967858,0.43041391983726385,0.32020993754696647,0.07656724127952498,0.04499317172416793,0.07728214102371674,0.770035885167464
225 days,0.1846739804504536,0.42973710620617067,0.32015919239164803,0.07654183294538854,0.04545524000574523,0.07719826778174661,0.7709517045454546
226 days,0.18568809060109165,0.43091541002973155,0.3209422297284447,0.07673044327320545,0.046027445317069544,0.07734174500703704,0.7720170454545454
227 days,0.18887020310383756,0.43459199613411836,0.32385732721563565,0.07746550975161656,0.04568990176639646,0.0781349378610655,0.7718301435406698
228 days,0.19038704549341642,0.4363336401120322,0.32593841881763486,0.07797113928248264,0.046095216691530175,0.07870591282255374,0.7725029904306221
229 days,0.18937294955613754,0.43517002373341107,0.32520499607617404,0.07781400594541649,0.0463929720440767,0.07854525894102792,0.7767643540669856
230 days,0.18983553273659934,0.43570119662057316,0.32523306861675416,0.07785094820126048,0.04609700950945995,0.07850487459528122,0.7790071770334929
231 days,0.19121869526545543,0.43728559919743004,0.3262734808174479,0.07812550695273196,0.04609700950945995,0.07878135260421909,0.7785586124401913
232 days,0.19078835781497655,0.43679326667770024,0.32578511535673516,0.07800418943526954,0.045798952351735964,0.07860721481746345,0.7794744318181818
233 days,0.19151543154502387,0.43762476111964216,0.3259391580115427,0.07805020134246204,0.04555892729568034,0.07861179749165742,0.7798295454545454
234 days,0.19441344269278824,0.44092339776064077,0.32805186527688857,0.07860639310514349,0.04592966684294614,0.07922007245715719,0.7803528708133971
235 days,0.19532522916281375,0.44195613941070416,0.329069054227193,0.07886522716822746,0.04682013851333863,0.07953106529955664,0.7817733253588517
236 days,0.19405536296923442,0.4405171540011063,0.32725570176048985,0.0784626114164329,0.0465308359502805,0.07911113470723645,0.7860346889952153
237 days,0.19492643589538317,0.44150474051292266,0.32680514757619633,0.07840716049176479,0.04612637994696974,0.07896791301906009,0.7875299043062202
238 days,0.19623320710394834,0.44298217470226536,0.3271676104348453,0.07853886923152097,0.046274002643859724,0.07908481369371366,0.7870813397129186
239 days,0.19574141426434918,0.44242673321618936,0.32656935008019655,0.07843210816293276,0.04620485220895268,0.07889595834879944,0.7879971590909091
240 days,0.19702794686986727,0.44387830186872984,0.3267439879675042,0.07853117114380859,0.04623517930214256,0.07892297549009285,0.7883522727272727
241 days,0.20066910649806974,0.4479610546666638,0.32882112186264223,0.07909318734866363,0.046274002643859724,0.07953001031225523,0.7882027511961723
242 days,0.20193644253326506,0.4493733887684773,0.3299630228468127,0.07938505287859877,0.0465308359502805,0.07987526349336681,0.7888755980861244
243 days,0.20058006738529863,0.4478616609906441,0.3281455411242696,0.07898048572647706,0.04647185173947985,0.07946063749903222,0.793136961722488
244 days,0.20152507459409652,0.4489154425881299,0.32775164885956837,0.07894761041824347,0.046274002643859724,0.07934116315273478,0.7932117224880383
245 days,0.20262621237194656,0.4501402141243843,0.328128117554657,0.07908261192489617,0.0463602762635668,0.07946249189399593,0.7927631578947367
246 days,0.20129999493360903,0.4486646798374138,0.3270841548026534,0.07884417544760994,0.04643915595896994,0.07914913075533879,0.7950994318181818
247 days,0.20156992529482534,0.44896539431767496,0.326928295574436,0.07884180284771389,0.0463602762635668,0.07908849617509663,0.7954545454545454
248 days,0.20463152677720933,0.452362163290885,0.3291817216506705,0.07944664608000329,0.0465308359502805,0.0797611178290548,0.795305023923445
249 days,0.20578880908056219,0.45363951446116574,0.3304563325353445,0.07976875982687172,0.04777539768229629,0.08014821766247035,0.7959778708133971
250 days,0.2043526820603321,0.45205384862904563,0.3284050645903718,0.07929599936344499,0.04765351448171565,0.07967500779207728,0.8016596889952153
251 days,0.20538384213426986,0.45319294139943295,0.32792728097087037,0.0792226714922808,0.048039875102539306,0.0795255640047588,0.8045753588516746
252 days,0.20661275168395654,0.45454675412322165,0.32843793583192316,0.07936023663897092,0.048114324027714886,0.07967337136853275,0.8055472488038277
253 days,0.20539094952300305,0.45320078279169274,0.3275900195133525,0.07914715443575608,0.048402416981676466,0.07941265083161306,0.8078835227272727
254 days,0.20532702645206402,0.45313025329596346,0.32700256452299326,0.07902728164222704,0.048039875102539306,0.07925315114152452,0.8082386363636364
255 days,0.20788208258523735,0.4559408761947511,0.32845704929316666,0.07943444699158903,0.04826823201245847,0.07973342479009465,0.808089114832536
256 days,0.20898876450973972,0.4571528896438693,0.3293085859277321,0.07965455253058626,0.04851029015031098,0.08000735424858642,0.808761961722488
257 days,0.20751986965175534,0.4555434882113401,0.32721297893833623,0.07917452806387432,0.04826823201245847,0.07952221426872262,0.8130233253588517
258 days,0.2079088139928655,0.4559701898072565,0.3264345466015336,0.07900917610307184,0.04777539768229629,0.07930268175236878,0.815938995215311
259 days,0.20969744496949996,0.45792733590549056,0.32742143482095476,0.07926176617288985,0.048039875102539306,0.07957153062521138,0.816910885167464
260 days,0.20902298804816663,0.45719031928526943,0.32704929727364335,0.07917318776373666,0.04851029015031098,0.07943432768554126,0.8192471590909091
261 days,0.20921834528229583,0.4574039191811717,0.32667264130314844,0.07911013147933613,0.048426023751257916,0.07933504781715152,0.8196022727272727
262 days,0.21177455259979852,0.4601896919747318,0.3282245086372014,0.07953783255109577,0.04861437456142097,0.07983913843131552,0.8194527511961723
263 days,0.21285741653371482,0.46136473265055145,0.329290836259121,0.07980051928311864,0.04916326266804072,0.08016333191164894,0.8215460526315789
264 days,0.21127488667307726,0.4596464801051752,0.32718183162562436,0.07930657228508271,0.04884929416256251,0.07967024357491606,0.8272278708133971
265 days,0.21188279746018626,0.460307285908214,0.3263879122215574,0.0791355859597508,0.04851029015031098,0.0794391807715502,0.8287230861244019
266 days,0.2139477307997364,0.4625448419339863,0.32779798081276645,0.07947394896593328,0.04884929416256251,0.0798117797243499,0.8289473684210527
267 days,0.21346217771774284,0.4620196724358637,0.3281987910734794,0.07956428577928135,0.04932419473045063,0.07985908448854084,0.828409090909091
268 days,0.21357316249376457,0.4621397651076615,0.3284333771257187,0.07964364668013467,0.04932419473045063,0.07990269556391348,0.828125
269 days,0.21593862691014498,0.4646919699221679,0.3302516213915607,0.08011470825252331,0.04963301152449097,0.08045484078270874,0.8279754784688996
270 days,0.21675144568444615,0.46556572649245365,0.3314011950321292,0.08037781210306935,0.050231661749120395,0.08079003411242983,0.8279754784688996
271 days,0.21544994834851589,0.46416586297197243,0.32989430650670015,0.08003513002082596,0.05000844621892482,0.08044770656729462,0.8308163875598087
272 days,0.21665955110328233,0.4654670247217114,0.3302940706053805,0.08016726292905918,0.05003905900746533,0.0805154944933055,0.8308911483253588
273 days,0.21882424028474573,0.46778653281678145,0.33251982286436177,0.08071204305749186,0.050231661749120395,0.081081346452767,0.8289473684210527
274 days,0.21826612522717734,0.4671896030812087,0.33323223790009315,0.08088584247475641,0.05082824660197431,0.08120713649110173,0.828409090909091
275 days,0.21782237677680813,0.4667144488622654,0.33308347323133297,0.08084240154347659,0.05126045212048155,0.08114880533264286,0.8267045454545454
276 days,0.21948804609082898,0.46849551341590134,0.33437018647089284,0.08114335161354724,0.05126045212048155,0.08155842043790572,0.826555023923445
277 days,0.21996414158043043,0.4690033492209095,0.33568792840094397,0.08143806186770829,0.051291125466712814,0.08193554701844673,0.826555023923445
278 days,0.21840964514246372,0.4673431770577845,0.3346151821353524,0.08120160839129086,0.051291125466712814,0.08170342687591625,0.8279754784688996
279 days,0.21960987798388223,0.4686255199878494,0.3351489504287105,0.08137460672456019,0.051291125466712814,0.08179685928847005,0.8280502392344498
280 days,0.2219042587725684,0.47106714889978096,0.3374484371645263,0.08193976060603043,0.05196543236830471,0.08236809853586217,0.8268540669856459
281 days,0.22186683078722547,0.4710274204196879,0.3385855717841611,0.08221517452212432,0.05234945737769417,0.08258822850150283,0.8255681818181819
282 days,0.2215569188198084,0.4706983310144709,0.33883109454715277,0.08227200050868964,0.05196543236830471,0.08262138137518249,0.8245738636363636
283 days,0.22367439852934756,0.47294227822150514,0.3406374053608936,0.08271826475523923,0.05329776378475327,0.08315658659268817,0.823714114832536
284 days,0.22554458579883063,0.4749153459289672,0.3427437935532258,0.08323589937846002,0.05443404629852589,0.08372127343967181,0.8222936602870814
285 days,0.22451938732523874,0.4738347679573954,0.34180779851082826,0.08303433990060699,0.05427986936142007,0.08350754788018395,0.823714114832536
286 days,0.2256716882538875,0.4750491429882676,0.34227113110187085,0.08319406128050556,0.05196543236830471,0.08358390835831961,0.823116028708134
287 days,0.22819039227863352,0.47769278022452205,0.3446971628368603,0.08380328602413024,0.05277905742268041,0.08419516970697559,0.8196770334928231
288 days,0.2285212699468875,0.47803898371041614,0.34587931407809847,0.08410819792683885,0.05196543236830471,0.08443725002368187,0.8162642045454546
289 days,0.22877749598626632,0.4783069056435066,0.3462143220902103,0.0841891439154278,0.051501243863823515,0.08450318871944984,0.8132102272727273
290 days,0.23149463489918595,0.4811388935631643,0.3480091795878738,0.08463741825586543,0.051913109823683065,0.08504492891681326,0.8123504784688996
291 days,0.23383063516493563,0.4835603738572213,0.3502582330135836,0.085190320813554,0.05181319006313147,0.08563346849011956,0.810930023923445
292 days,0.23364090320438027,0.48336415175763736,0.3498131015583205,0.08512163319389045,0.05137692223561531,0.08554343154434907,0.810930023923445
293 days,0.23558456493028987,0.48537054394584955,0.35067212870739684,0.08536917633909517,0.050515783863174776,0.08571661642309945,0.8110047846889952
294 days,0.23933928434497923,0.4892231437135607,0.35338540611535874,0.08605519837068333,0.05082824660197431,0.08639513450915347,0.8068929425837321
295 days,0.2402582996805502,0.49016150367052513,0.3546693485280563,0.0864169057098204,0.05102436366641011,0.08667025468620859,0.802059659090909
296 days,0.24096485463057896,0.4908817114443957,0.3553147254292732,0.08659492923600474,0.05126045212048155,0.08682250482163952,0.7975852272727273
297 days,0.24466325487666457,0.49463446592070853,0.3577335282284027,0.08720885493727816,0.05118290331940197,0.08752679472837104,0.795305023923445
298 days,0.24766436912702544,0.4976588883231419,0.36039825949612797,0.08786699133284209,0.05118290331940197,0.08822787991063458,0.7938845693779905
299 days,0.24811602126955076,0.49811245845647223,0.3603684775321257,0.0879058215034371,0.05102436366641011,0.08826531172769492,0.7932117224880383
300 days,0.25091909750823677,0.5009182543172456,0.3617543242612076,0.08831342151256828,0.050893710851663984,0.08859979952993288,0.7904455741626795
301 days,0.25524567060659054,0.5052184385061481,0.36505138055578884,0.08916742886691428,0.050893710851663984,0.08945756425959692,0.7863337320574163
302 days,0.2564129735526139,0.5063723664978312,0.36657419133981145,0.08959782391506926,0.050911299392807155,0.08980520606563362,0.7821732954545454
303 days,0.2571715872219635,0.5071208802859171,0.36711457340021364,0.08975317915613532,0.05074797064741211,0.08993647903098793,0.7784090909090909
304 days,0.2611703963958772,0.5110483307827912,0.36950791221680457,0.09038257431244581,0.050525253715951374,0.09065125898843314,0.776839114832536
305 days,0.2639214704516241,0.5137328784997356,0.371971388442488,0.09099087655155967,0.05064034621493211,0.09132167403940451,0.7754186602870814
306 days,0.2646418130269079,0.5144334874664633,0.37219377616579136,0.0911048187812211,0.050525253715951374,0.09145418938043653,0.7754186602870814
307 days,0.2678228737042902,0.517516061300797,0.37374218567515294,0.09157276786763839,0.05009919151573877,0.09185511588714176,0.7740729665071769
308 days,0.2720165169213557,0.5215520270513343,0.3767012965468827,0.09233537188991912,0.05009919151573877,0.09264343715413688,0.7707087320574163
309 days,0.27270669665425556,0.5222132674054304,0.3777325213602305,0.09262833989714275,0.05040687515362752,0.09287564083875152,0.76875
310 days,0.2732748754689327,0.5227569946628479,0.3781141408368905,0.09272681392620302,0.05009919151573877,0.09297292596122465,0.765625
311 days,0.2775960780939485,0.5268738730416878,0.3806612365499385,0.09337290497002751,0.04977025276946457,0.09373314007884406,0.7647278708133971
312 days,0.28126127013628777,0.5303407113698587,0.38381383279527304,0.09416568544088752,0.05040687515362752,0.09458944931424398,0.764055023923445
313 days,0.2824241058299917,0.5314358906114562,0.38448054735419296,0.09439428509348521,0.05049410924052334,0.09484108123928289,0.764055023923445
314 days,0.2861572148822304,0.5349366456714574,0.38614703751967494,0.0949046215843154,0.05003486038985075,0.09527839064625356,0.7633821770334929
315 days,0.2910937387240872,0.5395310359229459,0.3892758127158211,0.09572214977921313,0.05040687515362752,0.09612672868907611,0.7607655502392344
316 days,0.292307386675696,0.5406545909133631,0.3903803647426155,0.09604217521834127,0.05003486038985075,0.09638220725887847,0.7573863636363637
317 days,0.29347211792909633,0.5417306691789716,0.39099386869765856,0.09620819899430316,0.05040687515362752,0.09653546674203585,0.7549715909090909
318 days,0.2985861293945779,0.5464303518240708,0.39394176975902995,0.09697327727852773,0.05003486038985075,0.09742165612585603,0.7541118421052633
319 days,0.3033128301770391,0.5507384408020191,0.39757468312447747,0.09788555678743344,0.050525253715951374,0.09842321412691644,0.7526913875598087
320 days,0.3050702691827546,0.552331665924338,0.3985870248685286,0.09817690053130948,0.050525253715951374,0.09877317069290395,0.7533642344497608
321 days,0.307953164685887,0.5549352797271832,0.39966564462915566,0.09850113591869988,0.050525253715951374,0.09906419086085969,0.7548594497607656
322 days,0.3128322111124588,0.559314054098821,0.4028141769630879,0.099309844250981,0.050654552771082814,0.09991673253846596,0.7522428229665071
323 days,0.31411701188758806,0.5604614276536682,0.4043762001389711,0.09971266657830115,0.05108982791609978,0.1002705081202273,0.7488636363636364
324 days,0.31502577172546986,0.5612715668243581,0.4050614567248092,0.09987512162009861,0.05108982791609978,0.10043095390967735,0.7464488636363636
325 days,0.31936420215619016,0.5651231743223686,0.4075582210711715,0.10052498469288786,0.051279165313208364,0.10119926895780522,0.746261961722488
326 days,0.3232392049032308,0.5685412956885637,0.4108802308247887,0.10137198333002843,0.05137786648465685,0.10211236315467677,0.745589114832536
327 days,0.3242742796553252,0.5694508579810247,0.4115203751555665,0.10157677038565364,0.05137786648465685,0.10236438564438047,0.746261961722488
328 days,0.3273343518240678,0.5721314113244157,0.4124893474138565,0.10189858817992055,0.05139663393750451,0.10264317881800995,0.7470095693779905
329 days,0.331648785100351,0.5758895598119061,0.4151389640533745,0.10260568875566102,0.05139663393750451,0.10337791221889653,0.7451405502392344
330 days,0.33192216320739515,0.5761268638133403,0.41603598969195316,0.10285604954449487,0.051826996807624405,0.10355774607122438,0.7425426136363636
331 days,0.3321927477594822,0.5763616466763574,0.4162098277438913,0.10289533373993748,0.05161637058903906,0.10358267776442123,0.7414772727272727
332 days,0.33656772803819446,0.5801445751174396,0.4182082603664244,0.10343730712229848,0.051826996807624405,0.10423454277231636,0.7426734449760766
333 days,0.33938241233151506,0.5825653717236505,0.42053867033194653,0.10400990880046831,0.05323832744405204,0.10489494364096517,0.7434210526315789
334 days,0.3396303922223391,0.5827781672492022,0.42039174100888255,0.10399222340131598,0.05323832744405204,0.1049350082948433,0.7448415071770335
335 days,0.3426120923652152,0.5853307546722752,0.4207182665644455,0.10418024810071573,0.05296438394600524,0.10504376459830009,0.745589114832536
336 days,0.346488538150023,0.5886327701971944,0.4226885357014565,0.10470872237219421,0.05160726015608985,0.10558588727886412,0.7444677033492823
337 days,0.3462420765108272,0.5884233820225258,0.4231006528252468,0.10483093681469752,0.05333007582421032,0.10561571290170897,0.7425426136363636
338 days,0.3460298294929921,0.588243002077366,0.4227639291489012,0.10474907825525022,0.051365476103882916,0.10550878292811654,0.7414772727272727
339 days,0.35069255408878147,0.592193004086321,0.4247945409019813,0.10530269103905426,0.05236393561963151,0.10618344829869251,0.7426734449760766
340 days,0.3529832127577435,0.5941239035401147,0.42697038728048875,0.10579095079066071,0.05362066408232344,0.10680309345891058,0.7434210526315789
341 days,0.35288194106308085,0.5940386696698127,0.4268883552862681,0.10575696564884142,0.05362066408232344,0.10685484862421224,0.7448415071770335
342 days,0.3564340367626851,0.5970209684447315,0.42775332533348975,0.10610431059057444,0.05296438394600524,0.10709352331488739,0.745589114832536
343 days,0.36101127754583656,0.6008421402879766,0.4301509078047756,0.10678147482449268,0.054020855242504495,0.10774278102306788,0.7444677033492823
344 days,0.3616530404677527,0.6013759560106745,0.43109092139880967,0.10708943812028786,0.054923029511109125,0.10789779017382126,0.7439630681818182
345 days,0.3630320985722167,0.602521450715422,0.43159011573479966,0.10730146222729645,0.05572626697108163,0.10800188917539694,0.7421875
346 days,0.3689466158681254,0.607409759444253,0.4341402960391033,0.10804689428376722,0.0549834920876094,0.1088220442391373,0.7426734449760766
347 days,0.3713105567501675,0.6093525717925276,0.4362480927672602,0.1085270635988243,0.056749936554822494,0.10942653594577831,0.7448415071770335
348 days,0.37087107056144714,0.6089918476970337,0.4359794106953227,0.10844774698159468,0.056749936554822494,0.10942671601232129,0.746261961722488
349 days,0.37423017000787967,0.6117435492164014,0.43641967833262496,0.10867844485845496,0.055924004062763974,0.10954674053050611,0.748430023923445
350 days,0.3775024409029872,0.6144122727476944,0.43798780721911457,0.10905606377482209,0.056436584389571484,0.10996412826402163,0.7487290669856459
351 days,0.37638249191197715,0.6135001971572439,0.438236015951694,0.10909556068174679,0.057645005381792284,0.10991020471216882,0.7482244318181818
352 days,0.37580073311744805,0.6130258829098882,0.4381025848480004,0.1090323108645919,0.05731512897500746,0.10982360036518787,0.7471590909090909
353 days,0.3800017938009356,0.6164428552598656,0.4400090838548973,0.10952464273453127,0.057645005381792284,0.1104741842606492,0.7483552631578948
354 days,0.3823365484519139,0.6183336869780862,0.4420443638895687,0.10997519725839319,0.057645005381792284,0.1110581122348321,0.7505233253588517
355 days,0.3821692125909108,0.6181983602298786,0.44178581942825423,0.1098888909820511,0.05719125680487472,0.11105131863170431,0.7519437799043062
356 days,0.3848438672839664,0.6203578542131681,0.44191235456490696,0.10999120574844236,0.05719125680487472,0.11107300857710088,0.7526913875598087
357 days,0.3884523458919587,0.6232594531107881,0.4436474587509862,0.1104181561781964,0.057645005381792284,0.11152819887685529,0.7536632775119617
358 days,0.38720747036102304,0.6222599700776381,0.4438877378597769,0.11043528135300562,0.057430485821610366,0.1114665696654086,0.75390625
359 days,0.38670854910764074,0.6218589463114933,0.4436087014705072,0.11034618706841122,0.0570763001279847,0.1113512208018227,0.7542613636363636
360 days,0.3918276692490936,0.6259613959735006,0.4457926586796145,0.11091622088478335,0.05701641763958717,0.11207906464636025,0.7568779904306221
361 days,0.395219516981742,0.6286648685760499,0.44838097037987584,0.11149259688158426,0.057430485821610366,0.11280422722559597,0.7590460526315789
362 days,0.39632090981731244,0.6295402368533026,0.4487547051217035,0.111537655106621,0.05733938273132945,0.11295488133521171,0.761886961722488
363 days,0.3994887168793961,0.6320511979890522,0.4490038203591482,0.11162934404754449,0.05675689643776758,0.1130002257781424,0.7654754784688996
364 days,0.4028842939589588,0.6347316708333993,0.45065943399507574,0.11200001910230963,0.05675689643776758,0.11341659043373377,0.767194976076555
365 days,0.40155047035664976,0.6336801009631357,0.4512418447731619,0.11206182652773561,0.056954929140857875,0.11341421490535321,0.7681107954545454
