Date,Actual,Predicted
2021-07-16,-0.240447998046875,0.21263440474547424
2021-07-19,-1.08642578125,0.01751060268065227
2021-07-20,1.3981170654296875,0.03619092321459936
2021-07-21,0.9261322021484376,0.034402549005208546
2021-07-22,0.4363250732421875,0.03457376032393309
2021-07-23,1.611846923828125,0.03455736928255849
2021-07-26,0.0712127685546875,0.034558938490945795
2021-07-27,0.703521728515625,0.03455878826162805
2021-07-28,-0.427459716796875,0.03455880264394215
2021-07-29,0.0,0.034558801267040744
2021-07-30,0.0178375244140625,0.03455880139885941
2021-08-02,0.062347412109375,0.03455880138623965
2021-08-03,1.8878631591796875,0.03455880138744781
2021-08-04,-0.917236328125,0.034558801387332146
2021-08-05,0.29388427734375,0.03455880138734322
2021-08-06,-0.5164794921875,0.03455880138734216
2021-08-09,0.5342864990234375,0.03455880138734226
2021-08-10,0.053436279296875,0.034558801387342256
2021-08-11,0.0267181396484375,0.034558801387342256
2021-08-12,1.2466888427734375,0.034558801387342256
2021-08-13,0.9350433349609376,0.034558801387342256
2021-08-16,1.4159088134765625,0.034558801387342256
2021-08-17,1.4515228271484375,0.034558801387342256
2021-08-18,-2.030380249023437,0.034558801387342256
2021-08-19,1.2289581298828125,0.034558801387342256
2021-08-20,0.77471923828125,0.034558801387342256
2021-08-23,-0.68975830078125,0.034558801387342256
2021-08-24,-1.988677978515625,0.034558801387342256
2021-08-25,-1.039154052734375,0.034558801387342256
2021-08-26,-0.8330841064453125,0.034558801387342256
2021-08-27,-0.331451416015625,0.034558801387342256
2021-08-30,0.6539306640625,0.034558801387342256
2021-08-31,-0.474761962890625,0.034558801387342256
2021-09-01,0.5464324951171875,0.034558801387342256
2021-09-02,1.066009521484375,0.034558801387342256
2021-09-03,0.098541259765625,0.034558801387342256
2021-09-07,-2.4365692138671875,0.034558801387342256
2021-09-08,-0.3762664794921875,0.034558801387342256
2021-09-09,-3.430908203125,0.034558801387342256
2021-09-10,-0.9853973388671876,0.034558801387342256
2021-09-13,-1.0480804443359375,0.034558801387342256
2021-09-14,-0.8958282470703125,0.034558801387342256
2021-09-15,0.555419921875,0.034558801387342256
2021-09-16,-0.1791534423828125,0.034558801387342256
2021-09-17,-0.4210662841796875,0.034558801387342256
2021-09-20,-0.842041015625,0.034558801387342256
2021-09-21,0.6450042724609375,0.034558801387342256
2021-09-22,-0.5374908447265625,0.034558801387342256
2021-09-23,0.8330841064453125,0.034558801387342256
2021-09-24,-0.4478759765625,0.034558801387342256
2021-09-27,-1.0659942626953125,0.034558801387342256
2021-09-28,-0.322540283203125,0.034558801387342256
2021-09-29,1.0839691162109375,0.034558801387342256
2021-09-30,-2.2574615478515625,0.034558801387342256
2021-10-01,-0.9226531982421876,0.034558801387342256
2021-10-04,-1.119720458984375,0.034558801387342256
2021-10-05,0.3224639892578125,0.034558801387342256
2021-10-06,0.29559326171875,0.034558801387342256
2021-10-07,1.2810211181640625,0.034558801387342256
2021-10-08,-0.3673095703125,0.034558801387342256
2021-10-11,-0.6091156005859375,0.034558801387342256
2021-10-12,-2.2932891845703125,0.034558801387342256
2021-10-13,1.3526611328125,0.034558801387342256
2021-10-14,0.815216064453125,0.034558801387342256
2021-10-15,1.066009521484375,0.034558801387342256
2021-10-18,-1.05706787109375,0.034558801387342256
2021-10-19,3.359237670898437,0.034558801387342256
2021-10-20,-0.0805816650390625,0.034558801387342256
2021-10-21,-0.3404083251953125,0.034558801387342256
2021-10-22,0.2866363525390625,0.034558801387342256
2021-10-25,0.3224945068359375,0.034558801387342256
2021-10-26,1.496002197265625,0.034558801387342256
2021-10-27,-1.800567626953125,0.034558801387342256
2021-10-28,-0.7972564697265625,0.034558801387342256
2021-10-29,0.0268707275390625,0.034558801387342256
2021-11-01,0.1253814697265625,0.034558801387342256
2021-11-02,2.302230834960937,0.034558801387342256
2021-11-03,-0.4748077392578125,0.034558801387342256
2021-11-04,-0.41204833984375,0.034558801387342256
2021-11-05,-1.0480804443359375,0.034558801387342256
2021-11-08,-0.5016326904296875,0.034558801387342256
2021-11-09,-0.3224945068359375,0.034558801387342256
2021-11-10,1.576629638671875,0.034558801387342256
2021-11-11,-1.08392333984375,0.034558801387342256
2021-11-12,1.7468109130859375,0.034558801387342256
2021-11-15,-1.334747314453125,0.034558801387342256
2021-11-16,-0.761474609375,0.034558801387342256
2021-11-17,0.546478271484375,0.034558801387342256
2021-11-18,-0.788330078125,0.034558801387342256
2021-11-19,0.4389495849609375,0.034558801387342256
2021-11-22,-1.9205322265625,0.034558801387342256
2021-11-23,0.8926239013671875,0.034558801387342256
2021-11-24,-0.4057464599609375,0.034558801387342256
2021-11-26,-0.9377593994140624,0.034558801387342256
2021-11-29,0.49591064453125,0.034558801387342256
2021-11-30,-3.444366455078125,0.034558801387342256
2021-12-01,1.9386138916015625,0.034558801387342256
2021-12-02,-0.8926544189453125,0.034558801387342256
2021-12-03,2.0648193359375,0.034558801387342256
2021-12-06,3.2099609375,0.034558801387342256
2021-12-07,0.378692626953125,0.034558801387342256
2021-12-08,0.8836212158203125,0.034558801387342256
2021-12-09,1.4066314697265625,0.034558801387342256
2021-12-10,-0.36968994140625,0.034558801387342256
2021-12-13,2.668930053710937,0.034558801387342256
2021-12-14,1.6590728759765625,0.034558801387342256
2021-12-15,0.76641845703125,0.034558801387342256
2021-12-16,1.6861572265625,0.034558801387342256
2021-12-17,-4.30999755859375,0.034558801387342256
2021-12-20,-0.4328155517578125,0.034558801387342256
2021-12-21,-0.4868927001953125,0.034558801387342256
2021-12-22,0.649200439453125,0.034558801387342256
2021-12-23,0.28851318359375,0.034558801387342256
2021-12-27,1.280364990234375,0.034558801387342256
2021-12-28,0.6131439208984375,0.034558801387342256
2021-12-29,1.08203125,0.034558801387342256
2021-12-30,0.6852569580078125,0.034558801387342256
2021-12-31,-1.1180419921875,0.034558801387342256
2022-01-03,0.4237518310546875,0.034558801387342256
2022-01-04,-0.41473388671875,0.034558801387342256
2022-01-05,1.027862548828125,0.034558801387342256
2022-01-06,-0.5319976806640625,0.034558801387342256
2022-01-07,2.091903686523437,0.034558801387342256
2022-01-10,-0.77545166015625,0.034558801387342256
2022-01-11,-1.6590576171875,0.034558801387342256
2022-01-12,-1.31640625,0.034558801387342256
2022-01-13,-0.92877197265625,0.034558801387342256
2022-01-14,-0.82952880859375,0.034558801387342256
2022-01-18,-0.6672210693359375,0.034558801387342256
2022-01-19,-0.4688720703125,0.034558801387342256
2022-01-20,-1.1992340087890625,0.034558801387342256
2022-01-21,-0.3426361083984375,0.034558801387342256
2022-01-24,-1.7131805419921875,0.034558801387342256
2022-01-25,4.2017669677734375,0.034558801387342256
2022-01-26,0.676300048828125,0.034558801387342256
2022-01-27,1.99267578125,0.034558801387342256
2022-01-28,1.0820159912109375,0.034558801387342256
2022-01-31,0.4508209228515625,0.034558801387342256
2022-02-01,-1.271331787109375,0.034558801387342256
2022-02-02,1.70416259765625,0.034558801387342256
2022-02-03,-0.009033203125,0.034558801387342256
2022-02-04,-1.0189208984375,0.034558801387342256
2022-02-07,-0.5139312744140625,0.034558801387342256
2022-02-08,0.4057769775390625,0.034558801387342256
2022-02-09,-0.0180206298828125,0.034558801387342256
2022-02-10,-1.8665008544921875,0.034558801387342256
2022-02-11,-1.5418548583984375,0.034558801387342256
2022-02-14,-1.90252685546875,0.034558801387342256
2022-02-15,1.5418701171875,0.034558801387342256
2022-02-16,-0.0901641845703125,0.034558801387342256
2022-02-17,-0.9196929931640624,0.034558801387342256
2022-02-18,-1.606231689453125,0.034558801387342256
2022-02-22,-2.014556884765625,0.034558801387342256
2022-02-23,0.0726165771484375,0.034558801387342256
2022-02-24,-2.795013427734375,0.034558801387342256
2022-02-25,7.1326446533203125,0.034558801387342256
2022-02-28,-1.297637939453125,0.034558801387342256
2022-03-01,-0.5172576904296875,0.034558801387342256
2022-03-02,1.8511962890625,0.034558801387342256
2022-03-03,2.214218139648437,0.034558801387342256
2022-03-04,0.9074554443359376,0.034558801387342256
2022-03-07,2.4773712158203125,0.034558801387342256
2022-03-08,-3.1670684814453125,0.034558801387342256
2022-03-09,0.5807952880859375,0.034558801387342256
2022-03-10,0.2722320556640625,0.034558801387342256
2022-03-11,-0.28131103515625,0.034558801387342256
2022-03-14,2.1234588623046875,0.034558801387342256
2022-03-15,4.0382232666015625,0.034558801387342256
2022-03-16,-1.4701080322265625,0.034558801387342256
2022-03-17,2.069000244140625,0.034558801387342256
2022-03-18,-1.77862548828125,0.034558801387342256
2022-03-21,0.89837646484375,0.034558801387342256
2022-03-22,-0.753173828125,0.034558801387342256
2022-03-23,-0.5989227294921875,0.034558801387342256
2022-03-24,0.81671142578125,0.034558801387342256
2022-03-25,1.5245361328125,0.034558801387342256
2022-03-28,0.8257904052734375,0.034558801387342256
2022-03-29,-0.0816650390625,0.034558801387342256
2022-03-30,1.67877197265625,0.034558801387342256
2022-03-31,-2.141586303710937,0.034558801387342256
2022-04-01,0.87115478515625,0.034558801387342256
2022-04-04,-1.5608062744140625,0.034558801387342256
2022-04-05,1.0345001220703125,0.034558801387342256
2022-04-06,4.192413330078125,0.034558801387342256
2022-04-07,-0.426483154296875,0.034558801387342256
2022-04-08,0.3267059326171875,0.034558801387342256
2022-04-11,-2.0690155029296875,0.034558801387342256
2022-04-12,0.054443359375,0.034558801387342256
2022-04-13,0.689666748046875,0.034558801387342256
2022-04-14,-0.689666748046875,0.034558801387342256
2022-04-18,-2.0326690673828125,0.034558801387342256
2022-04-19,4.91839599609375,0.034558801387342256
2022-04-20,0.735015869140625,0.034558801387342256
2022-04-21,-0.48095703125,0.034558801387342256
2022-04-22,-1.65155029296875,0.034558801387342256
2022-04-25,4.056320190429688,0.034558801387342256
2022-04-26,-1.206939697265625,0.034558801387342256
2022-04-27,-2.3411865234375,0.034558801387342256
2022-04-28,1.234130859375,0.034558801387342256
2022-04-29,-2.722381591796875,0.034558801387342256
2022-05-02,-1.6515960693359375,0.034558801387342256
2022-05-03,-0.317596435546875,0.034558801387342256
2022-05-04,1.733245849609375,0.034558801387342256
2022-05-05,-3.12164306640625,0.034558801387342256
2022-05-06,-0.3538970947265625,0.034558801387342256
2022-05-09,0.8711395263671875,0.034558801387342256
2022-05-10,-0.2178192138671875,0.034558801387342256
2022-05-11,-0.871124267578125,0.034558801387342256
2022-05-12,1.578948974609375,0.034558801387342256
2022-05-13,-0.9255828857421876,0.034558801387342256
2022-05-16,1.11614990234375,0.034558801387342256
2022-05-17,0.6715545654296875,0.034558801387342256
2022-05-18,-3.012786865234375,0.034558801387342256
2022-05-19,-1.4156341552734375,0.034558801387342256
2022-05-20,2.7586669921875,0.034558801387342256
2022-05-23,3.278717041015625,0.034558801387342256
2022-05-24,1.7900390625,0.034558801387342256
2022-05-25,-1.625640869140625,0.034558801387342256
2022-05-26,-0.1461181640625,0.034558801387342256
2022-05-27,1.4886627197265625,0.034558801387342256
2022-05-31,-1.4247283935546875,0.034558801387342256
2022-06-01,-1.6621856689453125,0.034558801387342256
2022-06-02,-0.511444091796875,0.034558801387342256
2022-06-03,-0.6667327880859375,0.034558801387342256
2022-06-06,-0.0182647705078125,0.034558801387342256
2022-06-07,1.77178955078125,0.034558801387342256
2022-06-08,-0.9680938720703124,0.034558801387342256
2022-06-09,-3.2604217529296875,0.034558801387342256
2022-06-10,-1.059417724609375,0.034558801387342256
2022-06-13,-1.589141845703125,0.034558801387342256
2022-06-14,-2.392807006835937,0.034558801387342256
2022-06-15,1.6439361572265625,0.034558801387342256
2022-06-16,0.082183837890625,0.034558801387342256
2022-06-17,-0.5662384033203125,0.034558801387342256
2022-06-21,3.2421875,0.034558801387342256
2022-06-22,2.4932861328125,0.034558801387342256
2022-06-23,3.580078125,0.034558801387342256
2022-06-24,2.401947021484375,0.034558801387342256
2022-06-27,-0.1552276611328125,0.034558801387342256
2022-06-28,-4.730880737304688,0.034558801387342256
2022-06-29,0.045684814453125,0.034558801387342256
2022-06-30,0.4748992919921875,0.034558801387342256
2022-07-01,1.8357086181640625,0.034558801387342256
2022-07-05,-1.2603302001953125,0.034558801387342256
2022-07-06,0.1461181640625,0.034558801387342256
2022-07-07,0.1826629638671875,0.034558801387342256
2022-07-08,-0.200927734375,0.034558801387342256
2022-07-11,0.0639190673828125,0.034558801387342256
2022-07-12,-2.283203125,0.034558801387342256
2022-07-13,-0.3744659423828125,0.034558801387342256
2022-07-14,0.2191925048828125,0.034558801387342256
2022-07-15,2.32891845703125,0.034558801387342256
2022-07-18,-3.6531829833984375,0.034558801387342256
2022-07-19,-2.31976318359375,0.034558801387342256
2022-07-20,-0.8950042724609375,0.034558801387342256
2022-07-21,0.5479583740234375,0.034558801387342256
2022-07-22,0.7397613525390625,0.034558801387342256
2022-07-25,0.3105621337890625,0.034558801387342256
2022-07-26,1.1141815185546875,0.034558801387342256
2022-07-27,-0.438385009765625,0.034558801387342256
2022-07-28,0.9132843017578124,0.034558801387342256
2022-07-29,0.2922821044921875,0.034558801387342256
2022-08-01,-0.55712890625,0.034558801387342256
2022-08-02,-0.9041595458984376,0.034558801387342256
2022-08-03,1.525177001953125,0.034558801387342256
2022-08-04,-2.5572052001953125,0.034558801387342256
2022-08-05,-0.6210174560546875,0.034558801387342256
2022-08-08,-0.8311004638671875,0.034558801387342256
2022-08-09,-0.018280029296875,0.034558801387342256
2022-08-10,0.4475555419921875,0.034558801387342256
2022-08-11,-3.22393798828125,0.034558801387342256
2022-08-12,-1.68048095703125,0.034558801387342256
2022-08-15,0.7215118408203125,0.034558801387342256
2022-08-16,1.3516693115234375,0.034558801387342256
2022-08-17,0.0091552734375,0.034558801387342256
2022-08-18,-0.7397613525390625,0.034558801387342256
2022-08-19,2.3197174072265625,0.034558801387342256
2022-08-22,-0.5424346923828125,0.034558801387342256
2022-08-23,-1.34234619140625,0.034558801387342256
2022-08-24,-0.5056915283203125,0.034558801387342256
2022-08-25,1.4250946044921875,0.034558801387342256
2022-08-26,-2.629547119140625,0.034558801387342256
2022-08-29,-1.1676788330078125,0.034558801387342256
2022-08-30,-0.5240631103515625,0.034558801387342256
2022-08-31,-1.002197265625,0.034558801387342256
2022-09-01,3.6777191162109375,0.034558801387342256
2022-09-02,-2.3905181884765625,0.034558801387342256
2022-09-06,0.404541015625,0.034558801387342256
2022-09-07,0.81829833984375,0.034558801387342256
2022-09-08,1.213653564453125,0.034558801387342256
2022-09-09,0.29425048828125,0.034558801387342256
2022-09-12,-0.0643768310546875,0.034558801387342256
2022-09-13,-3.962738037109375,0.034558801387342256
2022-09-14,3.0616912841796875,0.034558801387342256
2022-09-15,0.386138916015625,0.034558801387342256
2022-09-16,2.317001342773437,0.034558801387342256
2022-09-19,-1.213653564453125,0.034558801387342256
2022-09-20,-1.2044677734375,0.034558801387342256
2022-09-21,-1.5538330078125,0.034558801387342256
2022-09-22,2.66632080078125,0.034558801387342256
2022-09-23,0.4965057373046875,0.034558801387342256
2022-09-26,-0.9378204345703124,0.034558801387342256
2022-09-27,-0.698760986328125,0.034558801387342256
2022-09-28,1.30560302734375,0.034558801387342256
2022-09-29,-1.6825714111328125,0.034558801387342256
2022-09-30,-1.0756988525390625,0.034558801387342256
2022-10-03,-0.1471405029296875,0.034558801387342256
2022-10-04,2.225006103515625,0.034558801387342256
2022-10-05,-0.4688873291015625,0.034558801387342256
2022-10-06,-2.942169189453125,0.034558801387342256
2022-10-07,-1.572235107421875,0.034558801387342256
2022-10-10,0.193084716796875,0.034558801387342256
2022-10-11,2.133056640625,0.034558801387342256
2022-10-12,-0.0367431640625,0.034558801387342256
2022-10-13,2.261749267578125,0.034558801387342256
2022-10-14,-0.634368896484375,0.034558801387342256
2022-10-17,1.9583740234375,0.034558801387342256
2022-10-18,-0.533294677734375,0.034558801387342256
2022-10-19,-1.2136077880859375,0.034558801387342256
2022-10-20,0.3861541748046875,0.034558801387342256
2022-10-21,3.3099365234375,0.034558801387342256
2022-10-24,2.0871124267578125,0.034558801387342256
2022-10-25,-0.248260498046875,0.034558801387342256
2022-10-26,1.379150390625,0.034558801387342256
2022-10-27,0.0919189453125,0.034558801387342256
2022-10-28,2.353744506835937,0.034558801387342256
2022-10-31,-0.8274993896484375,0.034558801387342256
2022-11-01,-0.8090667724609375,0.034558801387342256
2022-11-02,-2.4456939697265625,0.034558801387342256
2022-11-03,0.266632080078125,0.034558801387342256
2022-11-04,0.698760986328125,0.034558801387342256
2022-11-07,1.379119873046875,0.034558801387342256
2022-11-08,0.7906951904296875,0.034558801387342256
2022-11-09,-1.277984619140625,0.034558801387342256
2022-11-10,1.8572845458984373,0.034558801387342256
2022-11-11,-4.7994232177734375,0.034558801387342256
2022-11-14,2.4456787109375,0.034558801387342256
2022-11-15,0.4412994384765625,0.034558801387342256
2022-11-16,0.9838104248046876,0.034558801387342256
2022-11-17,1.2871856689453125,0.034558801387342256
2022-11-18,1.2320098876953125,0.034558801387342256
2022-11-21,0.8328399658203125,0.034558801387342256
2022-11-22,0.786590576171875,0.034558801387342256
2022-11-23,0.1757965087890625,0.034558801387342256
2022-11-25,0.21282958984375,0.034558801387342256
2022-11-28,0.083282470703125,0.034558801387342256
2022-11-29,-1.1474609375,0.034558801387342256
2022-11-30,1.7674713134765625,0.034558801387342256
2022-12-01,0.68475341796875,0.034558801387342256
2022-12-02,0.129547119140625,0.034558801387342256
2022-12-05,-0.092529296875,0.034558801387342256
2022-12-06,-2.47998046875,0.034558801387342256
2022-12-07,0.990142822265625,0.034558801387342256
2022-12-08,0.0277557373046875,0.034558801387342256
2022-12-09,-1.3510284423828125,0.034558801387342256
2022-12-12,1.9432525634765625,0.034558801387342256
2022-12-13,1.26776123046875,0.034558801387342256
2022-12-14,0.508941650390625,0.034558801387342256
2022-12-15,-2.100570678710937,0.034558801387342256
2022-12-16,-1.68414306640625,0.034558801387342256
2022-12-19,-0.1758270263671875,0.034558801387342256
2022-12-20,0.1758270263671875,0.034558801387342256
2022-12-21,1.8599700927734373,0.034558801387342256
2022-12-22,-0.6014862060546875,0.034558801387342256
2022-12-23,0.4163818359375,0.034558801387342256
2022-12-27,-0.0462646484375,0.034558801387342256
2022-12-28,-0.7124786376953125,0.034558801387342256
2022-12-29,0.832794189453125,0.034558801387342256
2022-12-30,-0.842071533203125,0.034558801387342256
2023-01-03,1.4250335693359375,0.034558801387342256
2023-01-04,1.7952117919921875,0.034558801387342256
2023-01-05,-1.2307281494140625,0.034558801387342256
2023-01-06,1.3417816162109375,0.034558801387342256
2023-01-09,-4.321441650390625,0.034558801387342256
2023-01-10,-0.3886566162109375,0.034558801387342256
2023-01-11,-0.25909423828125,0.034558801387342256
2023-01-12,-0.8143310546875,0.034558801387342256
2023-01-13,-0.527435302734375,0.034558801387342256
2023-01-17,-0.990142822265625,0.034558801387342256
2023-01-18,-2.40594482421875,0.034558801387342256
2023-01-19,-0.21282958984375,0.034558801387342256
2023-01-20,-0.731048583984375,0.034558801387342256
2023-01-23,-0.397857666015625,0.034558801387342256
2023-01-24,0.0,0.034558801387342256
2023-01-25,1.1103973388671875,0.034558801387342256
2023-01-26,-0.57373046875,0.034558801387342256
2023-01-27,-0.6107330322265625,0.034558801387342256
2023-01-30,-5.7649993896484375,0.034558801387342256
2023-01-31,1.3140106201171875,0.034558801387342256
2023-02-01,1.388031005859375,0.034558801387342256
2023-02-02,0.57373046875,0.034558801387342256
2023-02-03,-0.860595703125,0.034558801387342256
2023-02-06,-1.15667724609375,0.034558801387342256
2023-02-07,0.0370025634765625,0.034558801387342256
2023-02-08,0.1943206787109375,0.034558801387342256
2023-02-09,-2.0450439453125,0.034558801387342256
2023-02-10,0.6940155029296875,0.034558801387342256
2023-02-13,0.55523681640625,0.034558801387342256
2023-02-14,-0.6570587158203125,0.034558801387342256
2023-02-15,-2.470687866210937,0.034558801387342256
2023-02-16,-1.0456390380859375,0.034558801387342256
2023-02-17,3.057037353515625,0.034558801387342256
2023-02-21,-2.227523803710937,0.034558801387342256
2023-02-22,-0.2050628662109375,0.034558801387342256
2023-02-23,-0.046600341796875,0.034558801387342256
2023-02-24,-1.6403656005859375,0.034558801387342256
2023-02-27,-0.316864013671875,0.034558801387342256
2023-02-28,-2.208892822265625,0.034558801387342256
2023-03-01,-0.6430816650390625,0.034558801387342256
2023-03-02,-0.111846923828125,0.034558801387342256
2023-03-03,1.463287353515625,0.034558801387342256
2023-03-06,1.435302734375,0.034558801387342256
2023-03-07,-1.3700714111328125,0.034558801387342256
2023-03-08,-1.0532073974609375,0.034558801387342256
2023-03-09,-1.60302734375,0.034558801387342256
2023-03-10,0.3448333740234375,0.034558801387342256
2023-03-13,1.3514251708984375,0.034558801387342256
2023-03-14,0.8015289306640625,0.034558801387342256
2023-03-15,0.4007415771484375,0.034558801387342256
2023-03-16,-0.2982177734375,0.034558801387342256
2023-03-17,-1.5378265380859375,0.034558801387342256
2023-03-20,1.4073333740234375,0.034558801387342256
2023-03-21,0.0,0.034558801387342256
2023-03-22,-2.6469268798828125,0.034558801387342256
2023-03-23,0.074554443359375,0.034558801387342256
2023-03-24,1.4166717529296875,0.034558801387342256
2023-03-27,0.6058197021484375,0.034558801387342256
2023-03-28,-1.3793792724609375,0.034558801387342256
2023-03-29,1.388702392578125,0.034558801387342256
2023-03-30,0.11181640625,0.034558801387342256
2023-03-31,1.4632720947265625,0.034558801387342256
2023-04-03,1.7242584228515625,0.034558801387342256
2023-04-04,1.52850341796875,0.034558801387342256
2023-04-05,6.63592529296875,0.034558801387342256
2023-04-06,-0.4287261962890625,0.034558801387342256
2023-04-10,-0.7735443115234375,0.034558801387342256
2023-04-11,-0.0466156005859375,0.034558801387342256
2023-04-12,-0.3261871337890625,0.034558801387342256
2023-04-13,2.041122436523437,0.034558801387342256
2023-04-14,-0.2516632080078125,0.034558801387342256
2023-04-17,-0.158447265625,0.034558801387342256
2023-04-18,-4.34320068359375,0.034558801387342256
2023-04-19,1.4166717529296875,0.034558801387342256
2023-04-20,0.9786224365234376,0.034558801387342256
2023-04-21,-0.8294830322265625,0.034558801387342256
2023-04-24,0.92266845703125,0.034558801387342256
2023-04-25,1.3980255126953125,0.034558801387342256
2023-04-26,-2.3859405517578125,0.034558801387342256
2023-04-27,0.354156494140625,0.034558801387342256
2023-04-28,0.6524200439453125,0.034558801387342256
2023-05-01,-0.0931854248046875,0.034558801387342256
2023-05-02,1.332794189453125,0.034558801387342256
2023-05-03,-2.013214111328125,0.034558801387342256
2023-05-04,-0.689666748046875,0.034558801387342256
2023-05-05,0.512603759765625,0.034558801387342256
2023-05-08,-0.3448333740234375,0.034558801387342256
2023-05-09,-1.174346923828125,0.034558801387342256
2023-05-10,0.5592041015625,0.034558801387342256
2023-05-11,-0.615142822265625,0.034558801387342256
2023-05-12,-0.195709228515625,0.034558801387342256
2023-05-15,-1.146392822265625,0.034558801387342256
2023-05-16,-0.19573974609375,0.034558801387342256
2023-05-17,-0.326171875,0.034558801387342256
2023-05-18,-0.4753265380859375,0.034558801387342256
2023-05-19,0.4007720947265625,0.034558801387342256
2023-05-22,-0.7982177734375,0.034558801387342256
2023-05-23,-0.05633544921875,0.034558801387342256
2023-05-24,-0.140838623046875,0.034558801387342256
2023-05-25,-2.1128692626953125,0.034558801387342256
2023-05-26,-0.0563507080078125,0.034558801387342256
2023-05-30,0.018768310546875,0.034558801387342256
2023-05-31,0.6479644775390625,0.034558801387342256
2023-06-01,-0.4883270263671875,0.034558801387342256
2023-06-02,2.2819061279296875,0.034558801387342256
2023-06-05,1.2677001953125,0.034558801387342256
2023-06-06,-0.1314544677734375,0.034558801387342256
2023-06-07,0.31927490234375,0.034558801387342256
2023-06-08,1.6339263916015625,0.034558801387342256
2023-06-09,-0.2347412109375,0.034558801387342256
2023-06-12,-0.103302001953125,0.034558801387342256
2023-06-13,0.7888031005859375,0.034558801387342256
2023-06-14,0.7700347900390625,0.034558801387342256
2023-06-15,2.0377349853515625,0.034558801387342256
2023-06-16,0.4695281982421875,0.034558801387342256
2023-06-20,-0.0939178466796875,0.034558801387342256
2023-06-21,-0.2347564697265625,0.034558801387342256
2023-06-22,1.6339263916015625,0.034558801387342256
2023-06-23,-0.1314697265625,0.034558801387342256
2023-06-26,-1.7372283935546875,0.034558801387342256
2023-06-27,-0.31927490234375,0.034558801387342256
2023-06-28,-0.309844970703125,0.034558801387342256
2023-06-29,1.07049560546875,0.034558801387342256
2023-06-30,1.3334197998046875,0.034558801387342256
2023-07-03,-2.0377349853515625,0.034558801387342256
2023-07-05,-0.5070953369140625,0.034558801387342256
2023-07-06,-1.13623046875,0.034558801387342256
2023-07-07,-2.206756591796875,0.034558801387342256
2023-07-10,0.2441253662109375,0.034558801387342256
2023-07-11,-0.8263397216796875,0.034558801387342256
2023-07-12,-0.5164794921875,0.034558801387342256
2023-07-13,0.685516357421875,0.034558801387342256
2023-07-14,0.995361328125,0.034558801387342256
2023-07-17,-0.7512054443359375,0.034558801387342256
2023-07-18,-0.0093841552734375,0.034558801387342256
2023-07-19,-0.300506591796875,0.034558801387342256
2023-07-20,9.052413940429688,0.034558801387342256
2023-07-21,1.6996917724609375,0.034558801387342256
2023-07-24,0.8357391357421875,0.034558801387342256
2023-07-25,1.23016357421875,0.034558801387342256
2023-07-26,0.3098907470703125,0.034558801387342256
2023-07-27,0.9108734130859376,0.034558801387342256
2023-07-28,0.741851806640625,0.034558801387342256
2023-07-31,-6.526397705078125,0.034558801387342256
2023-08-01,1.277099609375,0.034558801387342256
2023-08-02,0.9578399658203124,0.034558801387342256
2023-08-03,0.685516357421875,0.034558801387342256
2023-08-04,-1.502532958984375,0.034558801387342256
2023-08-07,3.812591552734375,0.034558801387342256
2023-08-08,0.0750885009765625,0.034558801387342256
2023-08-09,-0.103271484375,0.034558801387342256
2023-08-10,-0.8451385498046875,0.034558801387342256
2023-08-11,1.577606201171875,0.034558801387342256
2023-08-14,-0.385009765625,0.034558801387342256
2023-08-15,-0.46954345703125,0.034558801387342256
2023-08-16,-0.5164642333984375,0.034558801387342256
2023-08-17,1.5212249755859375,0.034558801387342256
2023-08-18,-1.42730712890625,0.034558801387342256
2023-08-21,-4.826690673828125,0.034558801387342256
2023-08-22,-1.24896240234375,0.034558801387342256
2023-08-23,-1.3991851806640625,0.034558801387342256
2023-08-24,0.525848388671875,0.034558801387342256
2023-08-25,2.2227783203125,0.034558801387342256
2023-08-28,-1.8538970947265625,0.034558801387342256
2023-08-29,0.0189056396484375,0.034558801387342256
2023-08-30,-0.548553466796875,0.034558801387342256
2023-08-31,-1.9390411376953125,0.034558801387342256
2023-09-01,-1.1350555419921875,0.034558801387342256
2023-09-05,0.1891632080078125,0.034558801387342256
2023-09-06,-2.5254364013671875,0.034558801387342256
2023-09-07,1.91064453125,0.034558801387342256
2023-09-08,0.50128173828125,0.034558801387342256
2023-09-11,1.986358642578125,0.034558801387342256
2023-09-12,0.8701934814453125,0.034558801387342256
2023-09-13,0.3877716064453125,0.034558801387342256
2023-09-14,-0.2364349365234375,0.034558801387342256
2023-09-15,-2.166046142578125,0.034558801387342256
2023-09-18,0.9647979736328124,0.034558801387342256
2023-09-19,-0.2553863525390625,0.034558801387342256
2023-09-20,0.6715545654296875,0.034558801387342256
2023-09-21,-1.1823272705078125,0.034558801387342256
2023-09-22,-1.097198486328125,0.034558801387342256
2023-09-25,-0.2270050048828125,0.034558801387342256
2023-09-26,-1.172882080078125,0.034558801387342256
2023-09-27,-1.806610107421875,0.034558801387342256
2023-09-28,-0.2175445556640625,0.034558801387342256
2023-09-29,-1.06884765625,0.034558801387342256
2023-10-02,-0.5675201416015625,0.034558801387342256
2023-10-03,0.179718017578125,0.034558801387342256
2023-10-04,0.170257568359375,0.034558801387342256
2023-10-05,1.532318115234375,0.034558801387342256
2023-10-06,0.4729461669921875,0.034558801387342256
2023-10-09,0.85125732421875,0.034558801387342256
2023-10-10,-0.1702728271484375,0.034558801387342256
2023-10-11,-2.06195068359375,0.034558801387342256
2023-10-12,0.1418609619140625,0.034558801387342256
2023-10-13,0.4918670654296875,0.034558801387342256
2023-10-16,0.643157958984375,0.034558801387342256
2023-10-17,-1.362030029296875,0.034558801387342256
2023-10-18,-3.178131103515625,0.034558801387342256
2023-10-19,-0.387786865234375,0.034558801387342256
2023-10-20,0.6431884765625,0.034558801387342256
2023-10-23,-1.522857666015625,0.034558801387342256
2023-10-24,-0.151336669921875,0.034558801387342256
2023-10-25,0.3216094970703125,0.034558801387342256
2023-10-26,-2.430877685546875,0.034558801387342256
2023-10-27,-3.2159576416015625,0.034558801387342256
2023-10-30,1.35260009765625,0.034558801387342256
2023-10-31,1.2390594482421875,0.034558801387342256
2023-11-01,0.331085205078125,0.034558801387342256
2023-11-02,1.4660797119140625,0.034558801387342256
2023-11-03,1.0404510498046875,0.034558801387342256
2023-11-06,0.3405303955078125,0.034558801387342256
2023-11-07,-0.7567138671875,0.034558801387342256
2023-11-08,-0.5202178955078125,0.034558801387342256
2023-11-09,-2.771392822265625,0.034558801387342256
2023-11-10,-0.1608123779296875,0.034558801387342256
2023-11-13,0.3594512939453125,0.034558801387342256
2023-11-14,0.0283660888671875,0.034558801387342256
2023-11-15,1.0782928466796875,0.034558801387342256
2023-11-16,1.229644775390625,0.034558801387342256
2023-11-17,-0.293243408203125,0.034558801387342256
2023-11-20,1.2490234375,0.034558801387342256
2023-11-21,1.1536407470703125,0.034558801387342256
2023-11-22,-0.2860260009765625,0.034558801387342256
2023-11-24,1.601776123046875,0.034558801387342256
2023-11-27,-1.1631927490234375,0.034558801387342256
2023-11-28,0.333709716796875,0.034558801387342256
2023-11-29,0.4576416015625,0.034558801387342256
2023-11-30,2.4312744140625,0.034558801387342256
2023-12-01,3.54681396484375,0.034558801387342256
2023-12-04,0.4767303466796875,0.034558801387342256
2023-12-05,-0.3146514892578125,0.034558801387342256
2023-12-06,-1.8401336669921875,0.034558801387342256
2023-12-07,-1.1631927490234375,0.034558801387342256
2023-12-08,-0.93438720703125,0.034558801387342256
2023-12-11,0.6102294921875,0.034558801387342256
2023-12-12,0.0095367431640625,0.034558801387342256
2023-12-13,0.68646240234375,0.034558801387342256
2023-12-14,1.0297088623046875,0.034558801387342256
2023-12-15,-1.63037109375,0.034558801387342256
2023-12-18,0.2669677734375,0.034558801387342256
2023-12-19,0.972503662109375,0.034558801387342256
2023-12-20,-3.041488647460937,0.034558801387342256
2023-12-21,1.496917724609375,0.034558801387342256
2023-12-22,0.59112548828125,0.034558801387342256
2023-12-26,0.648345947265625,0.034558801387342256
2023-12-27,0.2002105712890625,0.034558801387342256
2023-12-28,0.21929931640625,0.034558801387342256
2023-12-29,0.1525421142578125,0.034558801387342256
2024-01-02,3.0796051025390625,0.034558801387342256
2024-01-03,0.953460693359375,0.034558801387342256
2024-01-04,-0.3241729736328125,0.034558801387342256
2024-01-05,0.476715087890625,0.034558801387342256
2024-01-08,0.381378173828125,0.034558801387342256
2024-01-09,0.095367431640625,0.034558801387342256
2024-01-10,0.2288055419921875,0.034558801387342256
2024-01-11,-0.686492919921875,0.034558801387342256
2024-01-12,1.182281494140625,0.034558801387342256
2024-01-16,-1.7829437255859375,0.034558801387342256
2024-01-17,-0.0858154296875,0.034558801387342256
2024-01-18,0.7436981201171875,0.034558801387342256
2024-01-19,0.4481201171875,0.034558801387342256
2024-01-22,0.7532196044921875,0.034558801387342256
2024-01-23,-2.536163330078125,0.034558801387342256
2024-01-24,-0.8104095458984375,0.034558801387342256
2024-01-25,0.5720672607421875,0.034558801387342256
2024-01-26,-0.057220458984375,0.034558801387342256
2024-01-29,-0.13348388671875,0.034558801387342256
2024-01-30,-0.5625152587890625,0.034558801387342256
2024-01-31,0.1239166259765625,0.034558801387342256
2024-02-01,-0.514862060546875,0.034558801387342256
2024-02-02,-1.6685028076171875,0.034558801387342256
2024-02-05,-0.7722625732421875,0.034558801387342256
2024-02-06,2.154754638671875,0.034558801387342256
2024-02-07,-0.076263427734375,0.034558801387342256
2024-02-08,-1.5064544677734375,0.034558801387342256
2024-02-09,0.343231201171875,0.034558801387342256
2024-02-12,1.039276123046875,0.034558801387342256
2024-02-13,-1.3157501220703125,0.034558801387342256
2024-02-14,-0.6960296630859375,0.034558801387342256
2024-02-15,2.0784912109375,0.034558801387342256
2024-02-16,-0.17291259765625,0.034558801387342256
2024-02-20,1.2584991455078125,0.034558801387342256
2024-02-21,0.7877655029296875,0.034558801387342256
2024-02-22,1.700408935546875,0.034558801387342256
2024-02-23,1.3353271484375,0.034558801387342256
2024-02-26,-1.008697509765625,0.034558801387342256
2024-02-27,0.1825103759765625,0.034558801387342256
2024-02-28,0.5475921630859375,0.034558801387342256
2024-02-29,-0.1633148193359375,0.034558801387342256
2024-03-01,0.710906982421875,0.034558801387342256
2024-03-04,-2.1903533935546875,0.034558801387342256
2024-03-05,0.1248779296875,0.034558801387342256
2024-03-06,-0.605224609375,0.034558801387342256
2024-03-07,-0.451507568359375,0.034558801387342256
2024-03-08,0.62445068359375,0.034558801387342256
2024-03-11,1.6427459716796875,0.034558801387342256
2024-03-12,1.4506378173828125,0.034558801387342256
2024-03-13,-1.575531005859375,0.034558801387342256
2024-03-14,-1.8156890869140625,0.034558801387342256
2024-03-15,-0.989501953125,0.034558801387342256
2024-03-18,-1.3641510009765625,0.034558801387342256
2024-03-19,-0.52838134765625,0.034558801387342256
2024-03-20,-0.43231201171875,0.034558801387342256
2024-03-21,-0.0095977783203125,0.034558801387342256
2024-03-22,-0.4995574951171875,0.034558801387342256
2024-03-25,-0.009613037109375,0.034558801387342256
2024-03-26,0.52838134765625,0.034558801387342256
2024-03-27,2.103912353515625,0.034558801387342256
2024-03-28,0.220947265625,0.034558801387342256
2024-04-01,-0.393890380859375,0.034558801387342256
2024-04-02,-0.04803466796875,0.034558801387342256
2024-04-03,-3.3335723876953125,0.034558801387342256
2024-04-04,-1.6907958984375,0.034558801387342256
2024-04-05,-0.1056671142578125,0.034558801387342256
2024-04-08,-0.7685394287109375,0.034558801387342256
2024-04-09,0.6724853515625,0.034558801387342256
2024-04-10,-2.0078125,0.034558801387342256
2024-04-11,-1.354583740234375,0.034558801387342256
2024-04-12,-1.2200469970703125,0.034558801387342256
2024-04-15,0.0672149658203125,0.034558801387342256
2024-04-16,-3.01654052734375,0.034558801387342256
2024-04-17,0.30743408203125,0.034558801387342256
2024-04-18,0.9318695068359376,0.034558801387342256
2024-04-19,2.084686279296875,0.034558801387342256
2024-04-22,1.1623992919921875,0.034558801387342256
2024-04-23,0.422698974609375,0.034558801387342256
2024-04-24,-0.9894866943359376,0.034558801387342256
2024-04-25,-1.6427459716796875,0.034558801387342256
2024-04-26,-0.6532745361328125,0.034558801387342256
2024-04-29,0.6532745361328125,0.034558801387342256
2024-04-30,-2.142318725585937,0.034558801387342256
2024-05-01,6.33087158203125,0.034558801387342256
2024-05-02,-1.2104644775390625,0.034558801387342256
2024-05-03,-0.6244354248046875,0.034558801387342256
2024-05-06,-0.662872314453125,0.034558801387342256
2024-05-07,0.1344757080078125,0.034558801387342256
2024-05-08,0.2209625244140625,0.034558801387342256
2024-05-09,0.8646240234375,0.034558801387342256
2024-05-10,0.057647705078125,0.034558801387342256
2024-05-13,1.25848388671875,0.034558801387342256
2024-05-14,0.153717041015625,0.034558801387342256
2024-05-15,1.2392730712890625,0.034558801387342256
2024-05-16,1.5466766357421875,0.034558801387342256
2024-05-17,0.345855712890625,0.034558801387342256
2024-05-20,-2.062774658203125,0.034558801387342256
2024-05-21,-0.0290679931640625,0.034558801387342256
2024-05-22,2.188690185546875,0.034558801387342256
2024-05-23,-3.680099487304688,0.034558801387342256
2024-05-24,-2.6438446044921875,0.034558801387342256
2024-05-28,-2.508285522460937,0.034558801387342256
2024-05-29,0.05810546875,0.034558801387342256
2024-05-30,0.8134918212890625,0.034558801387342256
2024-05-31,1.3461456298828125,0.034558801387342256
2024-06-03,1.0362396240234375,0.034558801387342256
2024-06-04,0.05810546875,0.034558801387342256
2024-06-05,-1.7722625732421875,0.034558801387342256
2024-06-06,0.4358062744140625,0.034558801387342256
2024-06-07,0.639190673828125,0.034558801387342256
2024-06-10,0.0484161376953125,0.034558801387342256
2024-06-11,-0.35833740234375,0.034558801387342256
2024-06-12,-1.3073883056640625,0.034558801387342256
2024-06-13,0.0387420654296875,0.034558801387342256
2024-06-14,0.0871429443359375,0.034558801387342256
2024-06-17,0.3970794677734375,0.034558801387342256
2024-06-18,-0.290557861328125,0.034558801387342256
2024-06-20,2.0627899169921875,0.034558801387342256
2024-06-21,0.9394073486328124,0.034558801387342256
2024-06-24,0.358306884765625,0.034558801387342256
2024-06-25,-1.86907958984375,0.034558801387342256
2024-06-26,-0.35833740234375,0.034558801387342256
2024-06-27,-0.987823486328125,0.034558801387342256
2024-06-28,0.348663330078125,0.034558801387342256
2024-07-01,0.2711639404296875,0.034558801387342256
2024-07-02,-0.3970794677734375,0.034558801387342256
2024-07-03,-0.3292694091796875,0.034558801387342256
2024-07-05,0.7650604248046875,0.034558801387342256
2024-07-08,-0.96844482421875,0.034558801387342256
2024-07-09,1.5204620361328125,0.034558801387342256
2024-07-10,2.304916381835937,0.034558801387342256
2024-07-11,0.261474609375,0.034558801387342256
2024-07-12,0.1743316650390625,0.034558801387342256
2024-07-15,-0.6197967529296875,0.034558801387342256
2024-07-16,1.714141845703125,0.034558801387342256
2024-07-17,5.3942413330078125,0.034558801387342256
2024-07-18,-1.1233978271484375,0.034558801387342256
2024-07-19,-0.70697021484375,0.034558801387342256
2024-07-22,-0.435791015625,0.034558801387342256
2024-07-23,-1.8303680419921875,0.034558801387342256
2024-07-24,3.805999755859375,0.034558801387342256
2024-07-25,3.25396728515625,0.034558801387342256
2024-07-26,0.96844482421875,0.034558801387342256
2024-07-29,-2.0143585205078125,0.034558801387342256
2024-07-30,2.682586669921875,0.034558801387342256
2024-07-31,-3.37017822265625,0.034558801387342256
2024-08-01,2.8181610107421875,0.034558801387342256
2024-08-02,3.273345947265625,0.034558801387342256
2024-08-05,-2.798797607421875,0.034558801387342256
2024-08-06,-2.2080535888671875,0.034558801387342256
2024-08-07,-0.0677947998046875,0.034558801387342256
2024-08-08,1.2783355712890625,0.034558801387342256
2024-08-09,0.38739013671875,0.034558801387342256
2024-08-12,-0.716644287109375,0.034558801387342256
2024-08-13,-1.4429931640625,0.034558801387342256
2024-08-14,0.087158203125,0.034558801387342256
2024-08-15,0.5907440185546875,0.034558801387342256
2024-08-16,0.2905426025390625,0.034558801387342256
2024-08-19,0.232421875,0.034558801387342256
2024-08-20,0.5133056640625,0.034558801387342256
2024-08-21,1.2299041748046875,0.034558801387342256
2024-08-22,0.890960693359375,0.034558801387342256
2024-08-23,1.7238616943359375,0.034558801387342256
2024-08-26,0.46484375,0.034558801387342256
2024-08-27,-0.4098358154296875,0.034558801387342256
2024-08-28,0.9465179443359376,0.034558801387342256
2024-08-29,0.3024749755859375,0.034558801387342256
2024-08-30,1.590576171875,0.034558801387342256
2024-09-03,1.2685394287109375,0.034558801387342256
2024-09-04,0.195159912109375,0.034558801387342256
2024-09-05,-2.3126373291015625,0.034558801387342256
2024-09-06,-0.595245361328125,0.034558801387342256
2024-09-09,2.176025390625,0.034558801387342256
2024-09-10,0.7513580322265625,0.034558801387342256
2024-09-11,-2.498031616210937,0.034558801387342256
2024-09-12,-0.1756591796875,0.034558801387342256
2024-09-13,0.8587188720703125,0.034558801387342256
2024-09-16,1.434417724609375,0.034558801387342256
2024-09-17,0.07806396484375,0.034558801387342256
2024-09-18,-0.897735595703125,0.034558801387342256
2024-09-19,-1.2978057861328125,0.034558801387342256
2024-09-20,-0.644012451171875,0.034558801387342256
2024-09-23,-0.917266845703125,0.034558801387342256
2024-09-24,-0.429351806640625,0.034558801387342256
2024-09-25,-2.127227783203125,0.034558801387342256
2024-09-26,0.7708587646484375,0.034558801387342256
2024-09-27,0.009765625,0.034558801387342256
2024-09-30,0.6440277099609375,0.034558801387342256
2024-10-01,-0.06829833984375,0.034558801387342256
2024-10-02,-0.8001556396484375,0.034558801387342256
2024-10-03,-0.653778076171875,0.034558801387342256
2024-10-04,-0.2049407958984375,0.034558801387342256
2024-10-07,-0.7415924072265625,0.034558801387342256
2024-10-08,0.1561279296875,0.034558801387342256
2024-10-09,0.936767578125,0.034558801387342256
2024-10-10,-0.1366119384765625,0.034558801387342256
2024-10-11,0.9270172119140624,0.034558801387342256
2024-10-14,0.1366119384765625,0.034558801387342256
2024-10-15,2.439483642578125,0.034558801387342256
2024-10-16,0.1756439208984375,0.034558801387342256
2024-10-17,0.1854095458984375,0.034558801387342256
2024-10-18,0.634246826171875,0.034558801387342256
2024-10-21,-2.23455810546875,0.034558801387342256
2024-10-22,0.60498046875,0.034558801387342256
2024-10-23,2.3516845703125,0.034558801387342256
2024-10-24,-2.1370086669921875,0.034558801387342256
2024-10-25,-2.7224578857421875,0.034558801387342256
2024-10-28,0.70257568359375,0.034558801387342256
2024-10-29,-1.4734649658203125,0.034558801387342256
2024-10-30,0.507415771484375,0.034558801387342256
2024-10-31,-0.731842041015625,0.034558801387342256
2024-11-01,0.263458251953125,0.034558801387342256
2024-11-04,-1.8442535400390625,0.034558801387342256
2024-11-05,0.1073455810546875,0.034558801387342256
2024-11-06,-0.4586334228515625,0.034558801387342256
2024-11-07,-1.122161865234375,0.034558801387342256
2024-11-08,-1.2295074462890625,0.034558801387342256
2024-11-11,-0.41961669921875,0.034558801387342256
2024-11-12,-2.341888427734375,0.034558801387342256
2024-11-13,0.585479736328125,0.034558801387342256
2024-11-14,-1.33685302734375,0.034558801387342256
2024-11-15,2.078460693359375,0.034558801387342256
2024-11-18,0.751373291015625,0.034558801387342256
2024-11-19,-1.7271728515625,0.034558801387342256
2024-11-20,0.1073455810546875,0.034558801387342256
2024-11-21,2.332138061523437,0.034558801387342256
2024-11-22,-0.3220062255859375,0.034558801387342256
2024-11-25,0.595245361328125,0.034558801387342256
2024-11-26,-0.0196685791015625,0.034558801387342256
2024-11-27,0.8655853271484375,0.034558801387342256
2024-11-29,-0.3836212158203125,0.034558801387342256
2024-12-02,-0.2065582275390625,0.034558801387342256
2024-12-03,-2.4000396728515625,0.034558801387342256
2024-12-04,-1.8590545654296875,0.034558801387342256
2024-12-05,-0.9344482421875,0.034558801387342256
2024-12-06,-0.206573486328125,0.034558801387342256
2024-12-09,0.2852630615234375,0.034558801387342256
2024-12-10,-0.36395263671875,0.034558801387342256
2024-12-11,-2.547576904296875,0.034558801387342256
2024-12-12,-0.3934478759765625,0.034558801387342256
2024-12-13,0.3737640380859375,0.034558801387342256
2024-12-16,-2.724639892578125,0.034558801387342256
2024-12-17,2.5180816650390625,0.034558801387342256
2024-12-18,-1.6328277587890625,0.034558801387342256
2024-12-19,-1.1508331298828125,0.034558801387342256
2024-12-20,0.87542724609375,0.034558801387342256
2024-12-23,0.7869110107421875,0.034558801387342256
2024-12-24,0.57049560546875,0.034558801387342256
2024-12-26,-0.265594482421875,0.034558801387342256
2024-12-27,-0.5213165283203125,0.034558801387342256
2024-12-30,-1.6820068359375,0.034558801387342256
2024-12-31,1.2590484619140625,0.034558801387342256
2025-01-02,-0.5901641845703125,0.034558801387342256
2025-01-03,0.1672210693359375,0.034558801387342256
2025-01-06,-0.521331787109375,0.034558801387342256
2025-01-07,2.5279083251953125,0.034558801387342256
2025-01-08,-3.8951416015625,0.034558801387342256
2025-01-10,-0.206573486328125,0.034558801387342256
2025-01-13,2.37054443359375,0.034558801387342256
2025-01-14,0.2754058837890625,0.034558801387342256
2025-01-15,0.2164154052734375,0.034558801387342256
2025-01-16,2.754150390625,0.034558801387342256
2025-01-17,-0.7278900146484375,0.034558801387342256
2025-01-21,1.101654052734375,0.034558801387342256
2025-01-22,-2.83282470703125,0.034558801387342256
2025-01-23,1.347564697265625,0.034558801387342256
2025-01-24,0.1770477294921875,0.034558801387342256
2025-01-27,5.970611572265625,0.034558801387342256
2025-01-28,-2.468902587890625,0.034558801387342256
2025-01-29,0.75738525390625,0.034558801387342256
2025-01-30,1.6918487548828125,0.034558801387342256
2025-01-31,-0.708221435546875,0.034558801387342256
2025-02-03,-0.275421142578125,0.034558801387342256
2025-02-04,1.5934906005859375,0.034558801387342256
2025-02-05,1.1803436279296875,0.034558801387342256
2025-02-06,-1.1606903076171875,0.034558801387342256
2025-02-07,-0.38360595703125,0.034558801387342256
2025-02-10,1.1016845703125,0.034558801387342256
2025-02-11,1.859039306640625,0.034558801387342256
2025-02-12,-0.8557586669921875,0.034558801387342256
2025-02-13,1.9574127197265625,0.034558801387342256
2025-02-14,-1.0819854736328125,0.034558801387342256
2025-02-18,0.079315185546875,0.034558801387342256
2025-02-19,2.875350952148437,0.034558801387342256
2025-02-20,1.7747802734375,0.034558801387342256
2025-02-21,2.5977325439453125,0.034558801387342256
2025-02-24,1.427764892578125,0.034558801387342256
2025-02-25,2.33001708984375,0.034558801387342256
2025-02-26,-2.984405517578125,0.034558801387342256
2025-02-27,0.64447021484375,0.034558801387342256
2025-02-28,1.2790374755859375,0.034558801387342256
2025-03-03,2.24078369140625,0.034558801387342256
2025-03-04,-1.8441925048828125,0.034558801387342256
2025-03-05,-0.297454833984375,0.034558801387342256
2025-03-06,0.7039794921875,0.034558801387342256
2025-03-07,0.852691650390625,0.034558801387342256
2025-03-10,1.00140380859375,0.034558801387342256
2025-03-11,-1.8243560791015625,0.034558801387342256
2025-03-12,-2.984405517578125,0.034558801387342256
2025-03-13,0.1388092041015625,0.034558801387342256
2025-03-14,-0.1784820556640625,0.034558801387342256
2025-03-17,0.029754638671875,0.034558801387342256
2025-03-18,1.39801025390625,0.034558801387342256
2025-03-19,-1.2492828369140625,0.034558801387342256
2025-03-20,0.0297393798828125,0.034558801387342256
2025-03-21,0.6048126220703125,0.034558801387342256
2025-03-24,-0.3371124267578125,0.034558801387342256
2025-03-25,-2.250701904296875,0.034558801387342256
2025-03-26,0.6940460205078125,0.034558801387342256
2025-03-27,1.3980255126953125,0.034558801387342256
2025-03-28,0.5750732421875,0.034558801387342256
2025-03-31,2.11187744140625,0.034558801387342256
2025-04-01,-12.48297119140625,0.034558801387342256
2025-04-02,2.0920562744140625,0.034558801387342256
2025-04-03,4.4221038818359375,0.034558801387342256
2025-04-04,-6.524078369140625,0.034558801387342256
2025-04-07,-2.5977325439453125,0.034558801387342256
2025-04-08,-0.6147308349609375,0.034558801387342256
2025-04-09,0.961761474609375,0.034558801387342256
2025-04-10,-2.2606201171875,0.034558801387342256
2025-04-11,3.01416015625,0.034558801387342256
2025-04-14,2.607635498046875,0.034558801387342256
2025-04-15,-0.73370361328125,0.034558801387342256
2025-04-16,0.28753662109375,0.034558801387342256
2025-04-17,3.5297393798828125,0.034558801387342256
2025-04-21,-0.5453338623046875,0.034558801387342256
2025-04-22,0.8229522705078125,0.034558801387342256
2025-04-23,-2.349853515625,0.034558801387342256
2025-04-24,-0.4461822509765625,0.034558801387342256
2025-04-25,-0.347015380859375,0.034558801387342256
2025-04-28,0.763458251953125,0.034558801387342256
2025-04-29,0.55523681640625,0.034558801387342256
2025-04-30,0.3965911865234375,0.034558801387342256
2025-05-01,-1.834259033203125,0.034558801387342256
2025-05-02,1.6458740234375,0.034558801387342256
2025-05-05,-1.1104736328125,0.034558801387342256
2025-05-06,-0.5254974365234375,0.034558801387342256
2025-05-07,2.8059539794921875,0.034558801387342256
2025-05-08,-1.626068115234375,0.034558801387342256
2025-05-09,-1.427764892578125,0.034558801387342256
2025-05-12,-0.079315185546875,0.034558801387342256
2025-05-13,-5.65155029296875,0.034558801387342256
2025-05-14,-2.06231689453125,0.034558801387342256
2025-05-15,3.2223663330078125,0.034558801387342256
2025-05-16,1.70538330078125,0.034558801387342256
2025-05-19,1.150146484375,0.034558801387342256
2025-05-20,1.1600494384765625,0.034558801387342256
2025-05-21,-0.475921630859375,0.034558801387342256
2025-05-22,-0.565155029296875,0.034558801387342256
2025-05-23,0.3271942138671875,0.034558801387342256
2025-05-27,1.6100006103515625,0.034558801387342256
2025-05-28,-0.82000732421875,0.034558801387342256
2025-05-29,1.1500091552734375,0.034558801387342256
2025-05-30,1.6300048828125,0.034558801387342256
2025-06-02,0.1899871826171875,0.034558801387342256
2025-06-03,-0.9799957275390624,0.034558801387342256
2025-06-04,-1.1999969482421875,0.034558801387342256
2025-06-05,0.44000244140625,0.034558801387342256
2025-06-06,1.3699951171875,0.034558801387342256
2025-06-09,0.1999969482421875,0.034558801387342256
2025-06-10,1.220001220703125,0.034558801387342256
2025-06-11,-1.19000244140625,0.034558801387342256
2025-06-12,1.4000091552734375,0.034558801387342256
2025-06-13,0.44000244140625,0.034558801387342256
2025-06-16,-1.8800048828125,0.034558801387342256
2025-06-17,-2.839996337890625,0.034558801387342256
2025-06-18,-1.6500091552734375,0.034558801387342256
2025-06-20,-0.94000244140625,0.034558801387342256
2025-06-23,1.5300140380859375,0.034558801387342256
2025-06-24,0.8699951171875,0.034558801387342256
2025-06-25,0.089996337890625,0.034558801387342256
2025-06-26,-0.2700042724609375,0.034558801387342256
2025-06-27,0.4000091552734375,0.034558801387342256
2025-06-30,0.339996337890625,0.034558801387342256
2025-07-01,3.1699981689453125,0.034558801387342256
2025-07-02,-0.3600006103515625,0.034558801387342256
2025-07-03,0.4499969482421875,0.034558801387342256
2025-07-07,-0.739990234375,0.034558801387342256
2025-07-08,0.519989013671875,0.034558801387342256
2025-07-09,0.4900054931640625,0.034558801387342256
2025-07-10,1.410003662109375,0.034558801387342256
2025-07-11,-0.790008544921875,0.034558801387342256
2025-07-14,-0.079986572265625,0.034558801387342256
2025-07-15,-1.6500091552734375,0.034558801387342256
2025-07-16,9.610000610351562,0.034558801387342256
2025-07-17,-1.8000030517578125,0.034558801387342256
2025-07-18,0.720001220703125,0.034558801387342256
